color,constituency,groups,id,party,partywon,pcid,states,vote_count_num,votecount,winner,winner_2014_bangali
#4099CF,Andaman and nicobar islands,UPA,13,Indian National Congress,13,#PC531,Andaman and nicobar islands,95308,Won,Kuldeep Rai Sharma,Bishnu Pada Ray (BJP)
#45266b,Amalapuram,Others,35,Yuvajana Sramika Rythu Congress Party,35,#PC24,Andhra Pradesh,485313,Won,Chinta Anuradha,Dr Pandula Ravindra Babu (TDP)
#45266b,Anakapalli,Others,35,Yuvajana Sramika Rythu Congress Party,35,#PC22,Andhra Pradesh,586226,Won,Dr Venkata Satyavathi,Muttamsetti Srinivasa Rao (Avanthi) (TDP)
#45266b,Anantapur,Others,35,Yuvajana Sramika Rythu Congress Party,35,#PC36,Andhra Pradesh,695208,Won,Talari Rangaiah,J.C. Divakar Reddi (TDP)
#45266b,Araku,Others,35,Yuvajana Sramika Rythu Congress Party,35,#PC18,Andhra Pradesh,557561,Won,Madhavi,Kothapalli Geetha (YSRCP)
#45266b,Bapatla,Others,35,Yuvajana Sramika Rythu Congress Party,35,#PC32,Andhra Pradesh,598257,Won,Nandigam Suresh,Malyadri Sriram (TDP)
#45266b,Chittoor,Others,35,Yuvajana Sramika Rythu Congress Party,35,#PC42,Andhra Pradesh,686792,Won,Reddppa,Naramalli Sivaprasad (TDP)
#45266b,Eluru,Others,35,Yuvajana Sramika Rythu Congress Party,35,#PC27,Andhra Pradesh,676809,Won,Kotagiri Sridhar,Maganti Venkateswara Rao (Babu) (TDP)
#f1c73f,Guntur,Third Front,34,Telugu Desam,34,#PC30,Andhra Pradesh,587918,Won,Galla Jayadev,Jayadev Galla (TDP)
#45266b,Hindupur,Others,35,Yuvajana Sramika Rythu Congress Party,35,#PC37,Andhra Pradesh,706602,Won,Gorantla Madav,Kristappa Nimmala (TDP)
#45266b,Kadapa,Others,35,Yuvajana Sramika Rythu Congress Party,35,#PC38,Andhra Pradesh,783799,Won,YS Avinash Reddy,Y.S. Avinash Reddy (YSRCP)
#45266b,Kakinada,Others,35,Yuvajana Sramika Rythu Congress Party,35,#PC23,Andhra Pradesh,537630,Won,vanga Geetha,Thota Narasimham (TDP)
#45266b,Kurnool,Others,35,Yuvajana Sramika Rythu Congress Party,35,#PC35,Andhra Pradesh,602554,Won,Sanjeev Kumar,Butta Renuka (YSRCP)
#45266b,Machilipatnam,Others,35,Yuvajana Sramika Rythu Congress Party,35,#PC28,Andhra Pradesh,571436,Won,Vallabhaneni Bala Souri,Konakalla Narayana Rao (TDP)
#45266b,Nandyal,Others,35,Yuvajana Sramika Rythu Congress Party,35,#PC34,Andhra Pradesh,720888,Won,P Brahmananda Reddy,S.P.Y Reddy (YSRCP)
#45266b,Narasaraopet,Others,35,Yuvajana Sramika Rythu Congress Party,35,#PC31,Andhra Pradesh,745089,Won,Lavu Krishnadevarayulu,Sambasiva Rao Rayapati (TDP)
#45266b,Narsapuram,Others,35,Yuvajana Sramika Rythu Congress Party,35,#PC26,Andhra Pradesh,447594,Won,K Raghurama Krishnam Raju,Gokaraju Ganga Raju (BJP)
#45266b,Nellore,Others,35,Yuvajana Sramika Rythu Congress Party,35,#PC39,Andhra Pradesh,683830,Won,Adala Prabhakar Reddy,Mekapati Rajamohan Reddy (YSRCP)
#45266b,Ongole,Others,35,Yuvajana Sramika Rythu Congress Party,35,#PC33,Andhra Pradesh,739202,Won,Magunta Srinivasulu Reddy,Y.V.Subba Reddy (YSRCP)
#45266b,Rajahmundry,Others,35,Yuvajana Sramika Rythu Congress Party,35,#PC25,Andhra Pradesh,582024,Won,Margani Bharath,Murali Mohan Maganti (TDP)
#45266b,Rajampet,Others,35,Yuvajana Sramika Rythu Congress Party,35,#PC41,Andhra Pradesh,702211,Won,PV Midun Reddy,P.V.Midhun Reddy (YSRCP)
#f1c73f,Srikakulam,Third Front,34,Telugu Desam,34,#PC19,Andhra Pradesh,534544,Won,K Ram Mohan Naidu,Rammohan Naidu Kinjarapu (TDP)
#45266b,Tirupati,Others,35,Yuvajana Sramika Rythu Congress Party,35,#PC40,Andhra Pradesh,722877,Won,Balle Durgaprasad,Varaprasad Rao Velagapalli (YSRCP)
#f1c73f,Vijayawada,Third Front,34,Telugu Desam,34,#PC29,Andhra Pradesh,575498,Won,Kesineni Srinivas alias Nani,Kesineni Srinivas (Nani) (TDP)
#45266b,Visakhapatnam,Others,35,Yuvajana Sramika Rythu Congress Party,35,#PC21,Andhra Pradesh,436906,Won,MVV Satyanarayana,Kambhampati Hari Babu (BJP)
#45266b,Vizianagaram,Others,35,Yuvajana Sramika Rythu Congress Party,35,#PC20,Andhra Pradesh,578418,Won,Bellani Chandrasekhar,Ashok Gajapathi Raju Pusapati (TDP)
#f49921,Arunachal East,NDA,8,Bharatiya Janata Party,8,#PC44,Arunachal Pradesh,153883,Won,Shri Tapir Gao,Ninong Ering (INC)
#f49921,Arunachal West,NDA,8,Bharatiya Janata Party,8,#PC43,Arunachal Pradesh,204553,Won,Shri Kiren Rijiju,Kiren Rijiju (BJP)
#f49921,Autonomous District,NDA,8,Bharatiya Janata Party,8,#PC47,Assam,381316,Won,Shri Horensingh Bey,Biren Singh Engti (INC)
#4099CF,Barpeta,UPA,13,Indian National Congress,13,#PC50,Assam,645173,Won,Abdul Khaleque,Siraj Uddin Ajmal (AIUDF)
#241926,Dhubri,Others,6,All India United Democratic Front,6,#PC48,Assam,718764,Won,Badruddin Ajmal,Badruddin Ajmal (AIUDF)
#f49921,Dibrugarh,NDA,8,Bharatiya Janata Party,8,#PC57,Assam,659583,Won,Shri Rameswar Teli,Rameswar Teli (BJP)
#f49921,Gauhati,NDA,8,Bharatiya Janata Party,8,#PC51,Assam,1008936,Won,Queen Oja,Bijoya Chakravarty (BJP)
#f49921,Jorhat,NDA,8,Bharatiya Janata Party,8,#PC56,Assam,543288,Won,Shri Tapan Gogai,Kamakhya Prasad Tasa (BJP)
#4099CF,Kaliabor,UPA,13,Indian National Congress,13,#PC55,Assam,786092,Won,Gaurav Gogoi,Gourav Gogoi (INC)
#f49921,Karimganj,NDA,8,Bharatiya Janata Party,8,#PC45,Assam,473046,Won,Shri Kripanath Mallah,Radheshyam Biswas (AIUDF)
#aaa8a8,Kokrajhar,Others,12,Independent,12,#PC49,Assam,484560,Won,Naba Kumar Sarania (IND),Naba Kumar Sarania (Hira) (IND)
#f49921,Lakhimpur,NDA,8,Bharatiya Janata Party,8,#PC58,Assam,776406,Won,Shri Pradan Baruah,Sarbananda Sonowal (BJP)
#f49921,Mangaldoi,NDA,8,Bharatiya Janata Party,8,#PC52,Assam,735469,Won,Shri Dilip Saikia,Ramen Deka (BJP)
#4099CF,Nowgong,UPA,13,Indian National Congress,13,#PC54,Assam,739724,Won,Pradyut Bordoloi,Rajen Gohain  (BJP)
#f49921,Silchar,NDA,8,Bharatiya Janata Party,8,#PC46,Assam,499414,Won,Dr Rajdeep Roy Bengali,Sushmita Dev   (INC)
#f49921,Tezpur,NDA,8,Bharatiya Janata Party,8,#PC53,Assam,684166,Won,Sjt. Pallab Lochan Das,Ram Prasad Sarmah (BJP)
#f49921,Araria,NDA,8,Bharatiya Janata Party,8,#PC59,Bihar,618434,Won,Pradeep Singh (BJP),Tasleem Uddin (RJD)
#f49921,Arrah,NDA,8,Bharatiya Janata Party,8,#PC60,Bihar,566480,Won,Rajkumar Singh  (BJP),Raj Kumar Singh (BJP)
#f49921,Aurangabad,NDA,8,Bharatiya Janata Party,8,#PC61,Bihar,431541,Won,Susheel Kumar Singh  (BJP),Sushil Kumar Singh (BJP)
#30946a,Banka,NDA,18,Janata Dal (United),18,#PC62,Bihar,477788,Won,Girdhari Yadav JD(U),Jai Prakash Narayan Yadav (RJD)
#f49921,Begusarai,NDA,8,Bharatiya Janata Party,8,#PC63,Bihar,692193,Won,Giriraj Singh  (BJP),Bhola Singh (BJP)
#30946a,Bhagalpur,NDA,18,Janata Dal (United),18,#PC64,Bihar,618254,Won,Ajay Kumar Mandal JD(U),Shailesh Kumar Urph Bulo Mandal (RJD)
#f49921,Buxar,NDA,8,Bharatiya Janata Party,8,#PC65,Bihar,473053,Won,Ashwini Kumar Choubey  (BJP),Ashwini Kumar Choubey (BJP)
#f49921,Darbhanga,NDA,8,Bharatiya Janata Party,8,#PC66,Bihar,586668,Won,Gopal Ji Thakur  (BJP),Kirti Azad (BJP)
#30946a,Gaya,NDA,18,Janata Dal (United),18,#PC67,Bihar,467007,Won,Vijay Kumar Manjhi JD(U),Hari Manjhi (BJP)
#30946a,Gopalganj,NDA,18,Janata Dal (United),18,#PC68,Bihar,568150,Won,Dr. Alok Kumar Suman JD(U),Janak Ram (BJP)
#b56132,Hajipur,NDA,21,Lok Jan Shakti Party,21,#PC69,Bihar,541310,Won,Pashupati Kumar Paras (LJP),Ramvilas Paswan (LJP)
#30946a,Jahanabad,NDA,18,Janata Dal (United),18,#PC70,Bihar,335584,Won,Chandeshwar Prasad Chandravanshi JD(U),Dr. Arun Kumar (BLSP)
#b56132,Jamui,NDA,21,Lok Jan Shakti Party,21,#PC71,Bihar,529134,Won,Chirag Kumar Paswan (LJP),Chirag Kumar Paswan (LJP)
#30946a,Jhanjharpur,NDA,18,Janata Dal (United),18,#PC72,Bihar,602391,Won,Ram Preet Mandal JD(U),Birendra Kumar Chaudhary (BJP)
#30946a,Karakat,NDA,18,Janata Dal (United),18,#PC73,Bihar,398408,Won,Mahabali Singh JD(U),Upendra Kushwaha (BLSP)
#30946a,Katihar,NDA,18,Janata Dal (United),18,#PC74,Bihar,559423,Won,Dular Chand Goswami JD(U),Tariq Anwar (NCP)
#b56132,Khagaria,NDA,21,Lok Jan Shakti Party,21,#PC75,Bihar,510193,Won,Choudhary Mehboob Ali Kaiser,Choudhary Mahboob Ali Kaiser (LJP)
#4099CF,Kishanganj,UPA,13,Indian National Congress,13,#PC76,Bihar,367017,Won,Mohammad Javed (Congress),Mohammad Asrarul Haque (INC)
#30946a,Madhepura,NDA,18,Janata Dal (United),18,#PC77,Bihar,624334,Won,Dinesh Chandra Yadav JD(U),Rajesh Ranjan @ Pappu Yadav (RJD)
#f49921,Madhubani,NDA,8,Bharatiya Janata Party,8,#PC78,Bihar,595843,Won,Ashok Kumar Yadav  (BJP),Hukm Deo Narayan Yadav (BJP)
#f49921,Maharajganj,NDA,8,Bharatiya Janata Party,8,#PC79,Bihar,546352,Won,Janardan Singh Sigriwal  (BJP),"Janardan Singh ""Sigriwal"" (BJP)"
#30946a,Munger,NDA,18,Janata Dal (United),18,#PC80,Bihar,528762,Won,Rajiv Ranjan Singh urf Lallan Singh JD(U),Veena Devi (LJP)
#f49921,Muzaffarpur,NDA,8,Bharatiya Janata Party,8,#PC81,Bihar,666878,Won,Ajay Nishad (BJP),Ajay Nishad (BJP)
#30946a,Nalanda,NDA,18,Janata Dal (United),18,#PC82,Bihar,540888,Won,Kaushalendra Kumar JD(U),Kaushlendra Kumar (United) 
#b56132,Nawada,NDA,21,Lok Jan Shakti Party,21,#PC83,Bihar,495684,Won,Chandan Kumar (LJP),Giriraj Singh (BJP)
#f49921,Paschim Champaran,NDA,8,Bharatiya Janata Party,8,#PC84,Bihar,603706,Won,Dr. Sanjay Jaiswal (BJP),Dr. Sanjay Jaiswal (BJP)
#f49921,Pataliputra,NDA,8,Bharatiya Janata Party,8,#PC85,Bihar,509557,Won,Ram Krapal Yadav (BJP),Ram Kripal Yadav (BJP)
#f49921,Patna Sahib,NDA,8,Bharatiya Janata Party,8,#PC86,Bihar,607506,Won,Ravi Shankar Prasad-BJP,Shatrughana Sinha (BJP)
#30946a,Purnia,NDA,18,Janata Dal (United),18,#PC87,Bihar,632924,Won,Santosh Kumar Kushwah JD(U),Santosh Kumar (United) 
#f49921,Purvi Champaran,NDA,8,Bharatiya Janata Party,8,#PC88,Bihar,577787,Won,Radha Mohan Singh (BJP),Radha Mohan Singh (BJP)
#b56132,Samastipur,NDA,21,Lok Jan Shakti Party,21,#PC89,Bihar,562443,Won,Ramchandra Paswan (LJP),Ram Chandra Paswan (LJP)
#f49921,Saran,NDA,8,Bharatiya Janata Party,8,#PC90,Bihar,499342,Won,Rajiv Pratap Rudy (BJP),Rajiv Pratap Rudy (BJP)
#f49921,Sasaram,NDA,8,Bharatiya Janata Party,8,#PC91,Bihar,494800,Won,Chedi Paswan (BJP),Chhedi Paswan (BJP)
#f49921,Sheohar,NDA,8,Bharatiya Janata Party,8,#PC92,Bihar,608678,Won,Smt. Rama Devi (BJP),Rama Devi (BJP)
#30946a,Sitamarhi,NDA,18,Janata Dal (United),18,#PC93,Bihar,567745,Won,Dr. Varun Kumar JD(U),Ram Kumar Sharma (BLSP)
#30946a,Siwan,NDA,18,Janata Dal (United),18,#PC94,Bihar,448473,Won,Kavita Singh JD(U),Om Prakash Yadav (BJP)
#30946a,Supaul,NDA,18,Janata Dal (United),18,#PC95,Bihar,597377,Won,Dileshwar Kamath JD(U),Ranjeet Ranjan (INC)
#f49921,Ujiarpur,NDA,8,Bharatiya Janata Party,8,#PC96,Bihar,543906,Won,Nityanand Rai (BJP),Nityanand Rai (BJP)
#b56132,Vaishali,NDA,21,Lok Jan Shakti Party,21,#PC97,Bihar,568215,Won,Veena Devi (LJP),Rama Kishore Singh (LJP)
#30946a,Valmiki Nagar,NDA,18,Janata Dal (United),18,#PC98,Bihar,602660,Won,Baidya Nath Prasad Mahato JD(U),Satish Chandra Dubey (BJP)
#f49921,Chandigarh,NDA,8,Bharatiya Janata Party,8,#PC532,Chandigarh,231188,Won,Smt. Kirron Kher,Kirron Kher  (BJP)
#4099CF,Bastar,UPA,13,Indian National Congress,13,#PC505,Chhattisgarh,402527,Won,Deepak Baij,Dinesh Kashyap (BJP)
#f49921,Bilaspur,NDA,8,Bharatiya Janata Party,8,#PC506,Chhattisgarh,634559,Won,Shri Arun Saw,Lakhan Lal Sahu (BJP)
#f49921,Durg,NDA,8,Bharatiya Janata Party,8,#PC504,Chhattisgarh,849374,Won,Shri Vijay Baghel,Tamradhwaj Sahu (INC)
#f49921,Janjgir Champa,NDA,8,Bharatiya Janata Party,8,#PC503,Chhattisgarh,572790,Won,Shri Guharam Ajgale,Kamla Patle (BJP)
#f49921,Kanker,NDA,8,Bharatiya Janata Party,8,#PC501,Chhattisgarh,546233,Won,Shri Mohan Mandav,Vikram Dev Usendi (BJP)
#4099CF,Korba,UPA,13,Indian National Congress,13,#PC502,Chhattisgarh,523410,Won,Smt. Jyotsna Mahant,Dr. Banshilal Mahto (BJP)
#f49921,Mahasamund,NDA,8,Bharatiya Janata Party,8,#PC507,Chhattisgarh,616580,Won,Shri Chunnilal Sahu,Chandu Lal Sahu (Chandu Bhaiya) (BJP)
#f49921,Raigarh,NDA,8,Bharatiya Janata Party,8,#PC509,Chhattisgarh,658335,Won,Smt. Gomtee Sai,Vishnu Deo Sai (BJP)
#f49921,Raipur,NDA,8,Bharatiya Janata Party,8,#PC510,Chhattisgarh,837902,Won,Shri Sunil Soni,Ramesh Bais (BJP)
#f49921,Rajnandgaon,NDA,8,Bharatiya Janata Party,8,#PC508,Chhattisgarh,662387,Won,Shri Santosh Pandey,Abhishek Singh (BJP)
#f49921,Sarguja,NDA,8,Bharatiya Janata Party,8,#PC511,Chhattisgarh,663711,Won,Smt. Renuka Singh,Kamalbhan Singh Marabi (BJP)
#aaa8a8,Dadra and nagar haveli,Others,12,Independent,12,#PC533,Dadra and nagar haveli,90421,Won,DELKAR MOHANBHAI SANJIBHAI,Patel Natubhai Gomanbhai (BJP)
#f49921,Daman and diu,NDA,8,Bharatiya Janata Party,8,#PC534,Daman and diu,37597,Won,Shri Lalubhai Patel,Patel Lalubhai Babubhai (BJP)
#f49921,Chandni Chowk,NDA,8,Bharatiya Janata Party,8,#PC535,Delhi,519055,Won,Dr. Harshvardhan,Dr. Harsh Vardhan (BJP)
#f49921,East Delhi,NDA,8,Bharatiya Janata Party,8,#PC537,Delhi,696156,Won,Sh. Gautam Gambhir,Maheish Girri (BJP)
#f49921,New Delhi,NDA,8,Bharatiya Janata Party,8,#PC538,Delhi,504206,Won,Meenakshi,Meenakashi Lekhi (BJP)
#f49921,North East Delhi,NDA,8,Bharatiya Janata Party,8,#PC536,Delhi,787799,Won,Sh. Manoj Tiwari,Manoj Tiwari (BJP)
#f49921,North West Delhi,NDA,8,Bharatiya Janata Party,8,#PC539,Delhi,848663,Won,Shri Hansraj Hans,Udit Raj (BJP)
#f49921,South Delhi,NDA,8,Bharatiya Janata Party,8,#PC541,Delhi,687014,Won,Sh. Ramesh Bidhuri,Ramesh Bidhuri (BJP)
#f49921,West Delhi,NDA,8,Bharatiya Janata Party,8,#PC540,Delhi,865648,Won,Sh. Pravesh Verma,Parvesh Sahib Singh Verma (BJP)
#f49921,North Goa,NDA,8,Bharatiya Janata Party,8,#PC99,Goa,244844,Won,Shri Shripad Yesso Naik,Shripad Yesso Naik (BJP)
#4099CF,South Goa,UPA,13,Indian National Congress,13,#PC100,Goa,201561,Won,Francisco Sardinha,Adv. Narendra Keshav Sawaikar (BJP)
#f49921,Ahmedabad East,NDA,8,Bharatiya Janata Party,8,#PC107,Gujarat,749834,Won,Shri H.S. Patel,Paresh Rawal (BJP)
#f49921,Ahmedabad West,NDA,8,Bharatiya Janata Party,8,#PC108,Gujarat,641622,Won,Dr. Kirit P. Solanki,Dr. Kirit P Solanki (BJP)
#f49921,Amreli,NDA,8,Bharatiya Janata Party,8,#PC114,Gujarat,529035,Won,Kachhadiya Naranbhai Bhikhabhai,Kachhadiya Naranbhai Bhikhabhai (BJP)
#f49921,Anand,NDA,8,Bharatiya Janata Party,8,#PC116,Gujarat,633097,Won,Shri Miteshbhai Patel (Bakabhai),Dilip Patel (BJP)
#f49921,Banaskantha,NDA,8,Bharatiya Janata Party,8,#PC102,Gujarat,679108,Won,Shri Parbat Bhai Patel,Chaudhary Haribhai Parthibhai (BJP)
#f49921,Bardoli,NDA,8,Bharatiya Janata Party,8,#PC123,Gujarat,742273,Won,Shri Parbhu Bhai Vasava,Vasava Parbhubhai Nagarbhai (BJP)
#f49921,Bharuch,NDA,8,Bharatiya Janata Party,8,#PC122,Gujarat,637795,Won,Shri Mansukh Bhai Vasava,Vasava Mansukhbhai Dhanjibhai (BJP)
#f49921,Bhavnagar,NDA,8,Bharatiya Janata Party,8,#PC115,Gujarat,661273,Won,Dr. Mrs. Bharati Ben Shiyal,Dr. Bharatiben Dhirubhai Shiyal (BJP)
#f49921,Chhota Udaipur,NDA,8,Bharatiya Janata Party,8,#PC121,Gujarat,764445,Won,Mrs. Geetaben Rathva,Ramsinh Rathwa (BJP)
#f49921,Dahod,NDA,8,Bharatiya Janata Party,8,#PC119,Gujarat,561760,Won,Shri Jashvant Sinh Bhabhor,Jasvantsinh Sumanbhai Bhabhor (BJP)
#f49921,Gandhinagar,NDA,8,Bharatiya Janata Party,8,#PC106,Gujarat,894624,Won,Shri Amit Anit Chandra Shah,L.K.Advani (BJP)
#f49921,Jamnagar,NDA,8,Bharatiya Janata Party,8,#PC112,Gujarat,591588,Won,Mrs. Punamben Madam,Poonamben Hematbhai Maadam (BJP)
#f49921,Junagadh,NDA,8,Bharatiya Janata Party,8,#PC113,Gujarat,547952,Won,Shri Rajeshbhai Chudasma,Chudasama Rajeshbhai Naranbhai (BJP)
#f49921,Kachchh,NDA,8,Bharatiya Janata Party,8,#PC101,Gujarat,637034,Won,Shri Vinod Bhai Chavda,Chavda Vinod Lakhamashi (BJP)
#f49921,Kheda,NDA,8,Bharatiya Janata Party,8,#PC117,Gujarat,714572,Won,Shri Devusinh Chauhan,Chauhan Devusinh Jesingbhai (Chauhan Devusinh) (BJP)
#f49921,Mahesana,NDA,8,Bharatiya Janata Party,8,#PC104,Gujarat,659525,Won,Mrs. Sharda Ben Patel W/O Late Shri Anil Bhai Pate,Patel Jayshreeben Kanubhai (BJP)
#f49921,Navsari,NDA,8,Bharatiya Janata Party,8,#PC125,Gujarat,972739,Won,Shri C.R. Patil,C. R. Patil (BJP)
#f49921,Panchmahal,NDA,8,Bharatiya Janata Party,8,#PC118,Gujarat,732136,Won,Shri Ratan Singh,Chauhan Prabhatsinh Pratapsinh (BJP)
#f49921,Patan,NDA,8,Bharatiya Janata Party,8,#PC103,Gujarat,633368,Won,Shri Bharatsinh Dabhi Thakor,Liladharbhai Khodaji Vaghela (BJP)
#f49921,Porbandar,NDA,8,Bharatiya Janata Party,8,#PC111,Gujarat,563881,Won,Shri Ramesh Dhaduk,Radadiya Vithalbhai  Hansrajbhai (BJP)
#f49921,Rajkot,NDA,8,Bharatiya Janata Party,8,#PC110,Gujarat,758645,Won,Shri Mohan Bhai Kundariya,Kundariya Mohanbhai Kalyanjibhai (BJP)
#f49921,Sabarkantha,NDA,8,Bharatiya Janata Party,8,#PC105,Gujarat,701984,Won,Shri Dipsinh Radhod,Rathod Dipsinh Shankarsinh (BJP)
#f49921,Surat,NDA,8,Bharatiya Janata Party,8,#PC124,Gujarat,795651,Won,Smt. Darshana Jardosh,Darshana Vikram Jardosh (BJP)
#f49921,Surendranagar,NDA,8,Bharatiya Janata Party,8,#PC109,Gujarat,631844,Won,Dr. Mahendra Bhai Munjpara,Fatepara Devajibhai Govindbhai (BJP)
#f49921,Vadodara,NDA,8,Bharatiya Janata Party,8,#PC120,Gujarat,883719,Won,Mrs. Ranjan Ben Bhatt,Narendra Modi (BJP)
#f49921,Valsad,NDA,8,Bharatiya Janata Party,8,#PC126,Gujarat,771980,Won,Dr. K.C. Patel,Dr. K.C.Patel (BJP)
#f49921,Ambala,NDA,8,Bharatiya Janata Party,8,#PC127,Haryana,746508,Won,Shri Ratan Lal Katariya,Rattan Lal Kataria (BJP)
#f49921,Bhiwani-Mahendragarh,NDA,8,Bharatiya Janata Party,8,#PC134,Haryana,736699,Won,Shri Dharmvir Singh,Dharambir S/O Bhale Ram (BJP)
#f49921,Faridabad,NDA,8,Bharatiya Janata Party,8,#PC136,Haryana,913222,Won,Shri Krishan Pal Gurjar,Krishan Pal (BJP)
#f49921,Gurgaon,NDA,8,Bharatiya Janata Party,8,#PC135,Haryana,881546,Won,Shri Rao Indrajeet Singh,Inderjit Singh Rao (BJP)
#f49921,Hisar,NDA,8,Bharatiya Janata Party,8,#PC130,Haryana,603289,Won,Brijendra Singh,Dushyant Chautala (INLD)
#f49921,Karnal,NDA,8,Bharatiya Janata Party,8,#PC131,Haryana,911594,Won,Shri Sanjay Bhatiya,Ashwini Kumar (BJP)
#f49921,Kurukshetra,NDA,8,Bharatiya Janata Party,8,#PC128,Haryana,688629,Won,Shri Nayab Singh Saini,Raj Kumar Saini (BJP)
#f49921,Rohtak,NDA,8,Bharatiya Janata Party,8,#PC133,Haryana,573845,Won,Arvind Sharma,Deepender Singh Hooda (INC)
#f49921,Sirsa,NDA,8,Bharatiya Janata Party,8,#PC129,Haryana,714351,Won,Smt Suneeta Duggal,Charanjeet Singh Rori (INLD)
#f49921,Sonipat,NDA,8,Bharatiya Janata Party,8,#PC132,Haryana,587664,Won,Shri Ramesh Chandra Kaushik,Ramesh Chander (BJP)
#f49921,Hamirpur,NDA,8,Bharatiya Janata Party,8,#PC139,Himachal Pradesh,682692,Won,Shri Anurag Thakur,Anurag Singh Thakur (BJP)
#f49921,Kangra,NDA,8,Bharatiya Janata Party,8,#PC137,Himachal Pradesh,725218,Won,Shri Kishan Kapoor,Shanta Kumar (BJP)
#f49921,Mandi,NDA,8,Bharatiya Janata Party,8,#PC138,Himachal Pradesh,647189,Won,Shri Ramswroop Sharma,Ram Swaroop Sharma (BJP)
#f49921,Shimla,NDA,8,Bharatiya Janata Party,8,#PC140,Himachal Pradesh,606183,Won,Shri Suresh Kashyap,Virender Kashyap (BJP)
#98C6CA,Anantnag,Others,61,Jammu & Kashmir National Conference,61,#PC143,Jammu and Kashmir,40180,Won,Hasnain Masoodi,Mehbooba Mufti (JKPDP)
#98C6CA,Baramulla,Others,61,Jammu & Kashmir National Conference,61,#PC141,Jammu and Kashmir,133376,Won,Mohammad Akbar Lone,Muzaffar Hussain Baig (JKPDP)
#f49921,Jammu,NDA,8,Bharatiya Janata Party,8,#PC146,Jammu and Kashmir,858066,Won,Shri Jugal Kishore Sharma,Jugal Kishore (BJP)
#f49921,Ladakh,NDA,8,Bharatiya Janata Party,8,#PC144,Jammu and Kashmir,42914,Won,Shri Jamyang Tsering Namgyal,Thupstan Chhewang (BJP)
#98C6CA,Srinagar,Others,61,Jammu & Kashmir National Conference,61,#PC142,Jammu and Kashmir,106750,Won,Farooq Abdullah,Tariq Hameed Karra (JKPDP)
#f49921,Udhampur,NDA,8,Bharatiya Janata Party,8,#PC145,Jammu and Kashmir,724311,Won,Dr. Jitendra Singh,Dr. Jitendra Singh (BJP)
#f49921,Chatra,NDA,8,Bharatiya Janata Party,8,#PC516,Jharkhand,528077,Won,Shri Sunil Singh,Sunil Kumar Singh (BJP)
#f49921,Dhanbad,NDA,8,Bharatiya Janata Party,8,#PC519,Jharkhand,827234,Won,Shri Pashupati Nath Singh,Pashupati Nath Singh (BJP)
#f49921,Dumka,NDA,8,Bharatiya Janata Party,8,#PC518,Jharkhand,484923,Won,Shri Sunil Soren,Shibu Soren (JMM)
#98C6CA,Giridih,Others,49,All Jharkhand Students Union,49,#PC514,Jharkhand,648277,Won,Chandraprakash Choudhary(AJSU),Ravindra Kumar Pandey (BJP)
#f49921,Godda,NDA,8,Bharatiya Janata Party,8,#PC515,Jharkhand,637610,Won,Shri Nishikant Dubey,Nishikant Dubey (BJP)
#f49921,Hazaribagh,NDA,8,Bharatiya Janata Party,8,#PC525,Jharkhand,728798,Won,Shri Jayant Sinha,Jayant Sinha (BJP)
#f49921,Jamshedpur,NDA,8,Bharatiya Janata Party,8,#PC517,Jharkhand,679632,Won,Shri Vidhyut Varan Mahato,Bidyut Baran Mahato (BJP)
#f49921,Khunti,NDA,8,Bharatiya Janata Party,8,#PC513,Jharkhand,382638,Won,Shri Arjun Munda,Karia Munda (BJP)
#f49921,Kodarma,NDA,8,Bharatiya Janata Party,8,#PC512,Jharkhand,753016,Won,Smt Annapurna Devi Yadav,Ravindra Kr. Ray (BJP)
#f49921,Lohardaga,NDA,8,Bharatiya Janata Party,8,#PC523,Jharkhand,371595,Won,Shri Sudarshan Bhagat,Sudarshan Bhagat (BJP)
#f49921,Palamau,NDA,8,Bharatiya Janata Party,8,#PC520,Jharkhand,755659,Won,Shri Vishnu Dayal Ram,Vishnu Dayal Ram (BJP)
#2b785e,Rajmahal,UPA,19,Jharkhand Mukti Morcha,19,#PC522,Jharkhand,507830,Won,Vijay Hansda (JMM),Vijay Kumar Hansdak (JMM)
#f49921,Ranchi,NDA,8,Bharatiya Janata Party,8,#PC521,Jharkhand,706828,Won,Shri Sanjay Seth,Ram Tahal Choudhary (BJP)
#4099CF,Singhbhum,UPA,13,Indian National Congress,13,#PC524,Jharkhand,431815,Won,Smt Geeta Kora (INC),Laxman Giluwa (BJP)
#f49921,Bagalkot,NDA,8,Bharatiya Janata Party,8,#PC149,Karnataka,664638,Won,Gaddigoudar Parvatagouda Chandanagouda,Gaddigoudar Parvtagouda Chandanagouda (BJP)
#f49921,Bangalore Central,NDA,8,Bharatiya Janata Party,8,#PC171,Karnataka,602853,Won,Shri P. C. Mohan,P.C. Mohan (BJP)
#f49921,Bangalore North,NDA,8,Bharatiya Janata Party,8,#PC170,Karnataka,824500,Won,Shri D.V. Sadananda Gowda,D.V Sadananda Gowda (BJP)
#4099CF,Bangalore Rural,UPA,13,Indian National Congress,13,#PC169,Karnataka,878258,Won,D.K Suresh,D K Suresh (INC)
#f49921,Bangalore South,NDA,8,Bharatiya Janata Party,8,#PC172,Karnataka,739229,Won,Shri Tejaswi Surya L.S.,Ananth Kumar (BJP)
#f49921,Belgaum,NDA,8,Bharatiya Janata Party,8,#PC148,Karnataka,761991,Won,Angadi Suresh Channabasappa,Angadi Suresh Channabasappa (BJP)
#f49921,Bellary,NDA,8,Bharatiya Janata Party,8,#PC155,Karnataka,616388,Won,Y. Devendrappa,B. Sreeramulu (BJP)
#f49921,Bidar,NDA,8,Bharatiya Janata Party,8,#PC153,Karnataka,585471,Won,Bhagwanth Khuba,Bhagwanth Khuba (BJP)
#f49921,Bijapur,NDA,8,Bharatiya Janata Party,8,#PC150,Karnataka,635867,Won,Jigajinagi Ramesh Chandappa,Ramesh Jigajinagi (BJP)
#f49921,chamrajanagar,NDA,8,Bharatiya Janata Party,8,#PC168,Karnataka,568537,Won,Shri Srinivasa Prasad,R. Dhruvanarayana (INC)
#f49921,Chikkballapur,NDA,8,Bharatiya Janata Party,8,#PC173,Karnataka,745912,Won,Shri B N Bache Gowda,M Veerappa Moily (INC)
#f49921,Chikkodi,NDA,8,Bharatiya Janata Party,8,#PC147,Karnataka,645017,Won,Annasaheb Shankar Jolle,Prakash Babanna Hukkeri (INC)
#f49921,Chitradurga,NDA,8,Bharatiya Janata Party,8,#PC164,Karnataka,626195,Won,Shri A Narayana Swamy,B.N.Chandrappa (INC)
#f49921,Dakshina Kannada,NDA,8,Bharatiya Janata Party,8,#PC163,Karnataka,774285,Won,Shri Nalin Kumar Kateel,Nalin Kumar Kateel (BJP)
#f49921,Davanagere,NDA,8,Bharatiya Janata Party,8,#PC159,Karnataka,652996,Won,G M Siddeshwar,G M Siddeshwara (BJP)
#f49921,Dharwad,NDA,8,Bharatiya Janata Party,8,#PC157,Karnataka,684837,Won,Pralhad Joshi,Pralhad Joshi (BJP)
#f49921,Gulbarga,NDA,8,Bharatiya Janata Party,8,#PC151,Karnataka,620192,Won,Dr. Umesh G Jadhav,Mallikarjun Kharge (INC)
#85bd42,Hassan,UPA,17,Janata Dal (Secular),17,#PC162,Karnataka,676606,Won,Prajwal Revanna,H.D. Devegowda (Secular) 
#f49921,Haveri,NDA,8,Bharatiya Janata Party,8,#PC156,Karnataka,683660,Won,Udasi. S.C.,Udasi Shivakumar Channabasappa (BJP)
#f49921,Kolar,NDA,8,Bharatiya Janata Party,8,#PC174,Karnataka,707930,Won,S. Muniswamy,K.H.Muniyappa (INC)
#f49921,Koppal,NDA,8,Bharatiya Janata Party,8,#PC154,Karnataka,586783,Won,Karadi Sanganna Amarappa,Karadi Sanganna Amarappa (BJP)
#aaa8a8,Mandya,Others,12,Independent,12,#PC166,Karnataka,703660,Won,Smt Sumalatha (BJP Support),C.S.Puttaraju (Secular) 
#f49921,Mysore,NDA,8,Bharatiya Janata Party,8,#PC167,Karnataka,688974,Won,Shri Prathap Simha,Prathap Simha (BJP)
#f49921,Raichur,NDA,8,Bharatiya Janata Party,8,#PC152,Karnataka,598337,Won,Raja Amareshwara Naik,B.V.Nayak (INC)
#f49921,Shimoga,NDA,8,Bharatiya Janata Party,8,#PC160,Karnataka,729872,Won,B.Y.Raghavendra.,B. S. Yeddyurappa (BJP)
#f49921,Tumkur,NDA,8,Bharatiya Janata Party,8,#PC165,Karnataka,596127,Won,Shri G S Basavaraju,Muddahanumegowda.S.P. (INC)
#f49921,Udupi Chikmagalur,NDA,8,Bharatiya Janata Party,8,#PC161,Karnataka,718916,Won,Kum. Shobha Karandlaje,Shobha Karandlaje (BJP)
#f49921,Uttara Kannada,NDA,8,Bharatiya Janata Party,8,#PC158,Karnataka,786042,Won,Anantkumar Hegde,Anantkumar Hegde (BJP)
#dd0a14,Alappuzha,Left Front,11,Communist Party Of India (Marxist),11,#PC189,Kerala,445970,Won,Adv. A M Ariff,K C Venugopal (INC)
#4099CF,Alathur,UPA,13,Indian National Congress,13,#PC183,Kerala,533815,Won,Ramya Haridas (INC),P.K.Biju (Marxist) 
#4099CF,Attingal,UPA,13,Indian National Congress,13,#PC193,Kerala,380995,Won,Adoor Prakash (INC),Dr.A .Sampath (Marxist) 
#4099CF,Chalakudy,UPA,13,Indian National Congress,13,#PC185,Kerala,473444,Won,Benny Behanan (INC),Innocent (IND)
#4099CF,Ernakulam,UPA,13,Indian National Congress,13,#PC186,Kerala,491263,Won,Hibi Eden (INC),Prof. K.V. Thomas (INC)
#4099CF,Idukki,UPA,13,Indian National Congress,13,#PC187,Kerala,498493,Won,Dean Kuriakose (INC),Adv.Joice George (IND)
#4099CF,Kannur,UPA,13,Indian National Congress,13,#PC176,Kerala,498493,Won,K Sudhakaran (INC),P K Sreemathi Teacher (Marxist) 
#4099CF,Kasaragod,UPA,13,Indian National Congress,13,#PC175,Kerala,474961,Won,Rajmohan Unnithan (INC),P Karunakaran (Marxist) 
#A55122,Kollam,Others,69,Other,69,#PC192,Kerala,499677,Won,N.K.Premachandran,N.K.Premachandran (RSP)
#7b9a81,Kottayam,UPA,20,Kerala Congress (M),20,#PC188,Kerala,421046,Won,Thomas Chazikadan (Kerala Congress-M),Jose K. Mani (M) 
#4099CF,Kozhikode,UPA,13,Indian National Congress,13,#PC179,Kerala,493444,Won,MK Raghavan (INC),M .K Raghavan (INC)
#00a08c,Malappuram,UPA,15,Indian Union Muslim League,15,#PC180,Kerala,589873,Won,PK Kunhalikutty (IUML),E. Ahamed (IUML)
#4099CF,Mavelikkara,UPA,13,Indian National Congress,13,#PC190,Kerala,440415,Won,Kodikunnil Suresh (INC),Kodikunnil Suresh (INC)
#4099CF,Palakkad,UPA,13,Indian National Congress,13,#PC182,Kerala,399274,Won,VK Sreekandan (INC),M B Rajesh (Marxist) 
#4099CF,Pathanamthitta,UPA,13,Indian National Congress,13,#PC191,Kerala,380927,Won,Anto Antony (INC),Anto Antony (INC)
#00a08c,Ponnani,UPA,15,Indian Union Muslim League,15,#PC181,Kerala,521824,Won,ET Mohammed Basheer (IUML),E. T. Mohammed Basheer (IUML)
#4099CF,Thiruvananthapuram,UPA,13,Indian National Congress,13,#PC194,Kerala,416131,Won,Shashi Tharoor (INC),Dr. Shashi Tharoor (INC)
#4099CF,Thrissur,UPA,13,Indian National Congress,13,#PC184,Kerala,415089,Won,TN Prathapan (INC),C. N. Jayadevan (CPI)
#4099CF,Vadakara,UPA,13,Indian National Congress,13,#PC177,Kerala,526755,Won,K Muraleedharan (INC),Mullappally Ramachandran (INC)
#4099CF,Wayanad,UPA,13,Indian National Congress,13,#PC178,Kerala,706367,Won,Rahul Gandhi INC,M I Shanavas (INC)
#3971b7,Lakshadweep,UPA,24,Nationalist Congress Party,24,#PC542,Lakshadweep,22851,Won,Mohd.P.P.Faizal,Mohammed Faizal P.P. (NCP)
#f49921,Balaghat,NDA,8,Bharatiya Janata Party,8,#PC209,Madhya Pradesh,696102,Won,Shri Dhal Singh Bisen,Bodhsingh Bhagat (BJP)
#f49921,Betul,NDA,8,Bharatiya Janata Party,8,#PC223,Madhya Pradesh,811248,Won,Shri Durgadas Uike,Jyoti Dhurve (BJP)
#f49921,Bhind,NDA,8,Bharatiya Janata Party,8,#PC196,Madhya Pradesh,527694,Won,Smt. Sandhya Rai,Dr. Bhagirath Prasad (BJP)
#f49921,Bhopal,NDA,8,Bharatiya Janata Party,8,#PC213,Madhya Pradesh,866482,Won,Sadhvi Pragya Singh Thakur,Alok Sanjar (BJP)
#4099CF,Chhindwara,UPA,13,Indian National Congress,13,#PC210,Madhya Pradesh,587305,Won,Nakul Nath,Kamal Nath (INC)
#f49921,Damoh,NDA,8,Bharatiya Janata Party,8,#PC201,Madhya Pradesh,704524,Won,Shri Prahlad Patel,Prahalad Singh Patel (BJP)
#f49921,Dewas,NDA,8,Bharatiya Janata Party,8,#PC215,Madhya Pradesh,862429,Won,Shri Mahendra Solanki,Manohar Untwal (BJP)
#f49921,Dhar,NDA,8,Bharatiya Janata Party,8,#PC219,Madhya Pradesh,722147,Won,Chattar Singh Darbar,Savitri Thakur (BJP)
#f49921,Guna,NDA,8,Bharatiya Janata Party,8,#PC198,Madhya Pradesh,614049,Won,Dr. K.P. Yadav,Jyotiraditya M Scindia (INC)
#f49921,Gwalior,NDA,8,Bharatiya Janata Party,8,#PC197,Madhya Pradesh,627250,Won,Shri Vivek Sejwalkar,Narendra Singh Tomar (BJP)
#f49921,Hoshangabad,NDA,8,Bharatiya Janata Party,8,#PC211,Madhya Pradesh,877927,Won,Shri Rao Udai Pratap Singh,Uday Pratap Singh (BJP)
#f49921,Indore,NDA,8,Bharatiya Janata Party,8,#PC220,Madhya Pradesh,1068569,Won,Sh. Shankar Lalwani,Sumitra Mahajan (Tai) (BJP)
#f49921,Jabalpur,NDA,8,Bharatiya Janata Party,8,#PC207,Madhya Pradesh,826454,Won,Shri Rakesh Singh,Rakesh Singh (BJP)
#f49921,Khajuraho,NDA,8,Bharatiya Janata Party,8,#PC202,Madhya Pradesh,811135,Won,Bishnu Datt Sharma,Nagendra Singh (BJP)
#f49921,Khandwa,NDA,8,Bharatiya Janata Party,8,#PC222,Madhya Pradesh,838909,Won,Shri Nand Kumar Singh Chouhan,Nandkumar Singh Chouhan (Nandu Bhaiya) (BJP)
#f49921,Khargone,NDA,8,Bharatiya Janata Party,8,#PC221,Madhya Pradesh,773550,Won,Shri Gajendra Patel,Subhash Patel (BJP)
#f49921,Mandla,NDA,8,Bharatiya Janata Party,8,#PC208,Madhya Pradesh,737266,Won,Shri Faggan Singh Kulaste,Faggan Singh Kulaste (BJP)
#f49921,Mandsour,NDA,8,Bharatiya Janata Party,8,#PC217,Madhya Pradesh,847786,Won,Shri Sudhir Gupta,Sudhir Gupta (BJP)
#f49921,Morena,NDA,8,Bharatiya Janata Party,8,#PC195,Madhya Pradesh,541689,Won,Shri Narendra Singh Tomar,Anoop Mishra (BJP)
#f49921,Rajgarh,NDA,8,Bharatiya Janata Party,8,#PC214,Madhya Pradesh,823824,Won,Shri Roadmal Nagar,Rodmal Nagar (BJP)
#f49921,Ratlam,NDA,8,Bharatiya Janata Party,8,#PC218,Madhya Pradesh,696103,Won,GS Damor,Dileepsingh Bhuria (BJP)
#f49921,Rewa,NDA,8,Bharatiya Janata Party,8,#PC204,Madhya Pradesh,583745,Won,Shri Janardan Mishra,Janardan Mishra (BJP)
#f49921,Sagar,NDA,8,Bharatiya Janata Party,8,#PC199,Madhya Pradesh,646231,Won,Shri Raj Bahadur Singh,Laxmi Narayan Yadav (BJP)
#f49921,Satna,NDA,8,Bharatiya Janata Party,8,#PC203,Madhya Pradesh,588753,Won,Shri Ganesh Singh,Ganesh Singh (BJP)
#f49921,Shahdol,NDA,8,Bharatiya Janata Party,8,#PC206,Madhya Pradesh,747977,Won,Smt. Himadri Singh,Dalpat Singh Paraste (BJP)
#f49921,Sidhi,NDA,8,Bharatiya Janata Party,8,#PC205,Madhya Pradesh,698342,Won,Smt. Riti Pathak,Riti Pathak (BJP)
#f49921,Tikamgarh,NDA,8,Bharatiya Janata Party,8,#PC200,Madhya Pradesh,672248,Won,Shri Virendra Kumar Khateek,Dr. Virendra Kumar (BJP)
#f49921,Ujjain,NDA,8,Bharatiya Janata Party,8,#PC216,Madhya Pradesh,791663,Won,Shri Anil Firojiya,Prof. Chintamani Malviya (BJP)
#f49921,Vidisha,NDA,8,Bharatiya Janata Party,8,#PC212,Madhya Pradesh,853022,Won,Shri Ramakant Bhargav,Sushma Swaraj (BJP)
#f49921,Latur,NDA,8,Bharatiya Janata Party,8,#PC264,Maharashtra,661495,Won,Shri Sudhakar Bhalerao Shrungare,Dr. Sunil Baliram Gaikwad (BJP)
#f49921,Madha,NDA,8,Bharatiya Janata Party,8,#PC266,Maharashtra,586314,Won,Shri Ranjeet Singh Hindurao Naik Nimbalkar,Mohite Patil Vijaysinh Shankarrao (NCP)
#ec653a,Maval,NDA,30,Shivsena,30,#PC256,Maharashtra,720663,Won,Shrirang Barne,Appa Alias Shrirang Chandu Barne (SHS)
#ec653a,Mumbai South,NDA,30,Shivsena,30,#PC254,Maharashtra,421937,Won,Arvind Sawant,Arvind Sawant (SHS)
#f49921,Mumbai North,NDA,8,Bharatiya Janata Party,8,#PC249,Maharashtra,706678,Won,Shri Gopal Chinayya Shetty,Gopal Chinayya Shetty (BJP)
#f49921,Mumbai North Central,NDA,8,Bharatiya Janata Party,8,#PC252,Maharashtra,486672,Won,Smt. Poonam Mahajan,Poonam Mahajan Alias Poonam Vajendla Rao (BJP)
#f49921,Mumbai North East,NDA,8,Bharatiya Janata Party,8,#PC251,Maharashtra,514599,Won,Shri Manoj Kotak,Kirit  Somaiya (BJP)
#ec653a,Mumbai North West,NDA,30,Shivsena,30,#PC250,Maharashtra,570063,Won,Gajanan Kirtikar,Gajanan Chandrakant Kirtikar (SHS)
#ec653a,Mumbai South Central,NDA,30,Shivsena,30,#PC253,Maharashtra,486672,Won,Rahul Shewale,Rahul Ramesh Shewale (SHS)
#f49921,Nagpur,NDA,8,Bharatiya Janata Party,8,#PC233,Maharashtra,660221,Won,Shri Nitin Jairam Gadkari,Gadkari Nitin Jairam (BJP)
#f49921,Nanded,NDA,8,Bharatiya Janata Party,8,#PC239,Maharashtra,486806,Won,Shri Pratap Patil Chikkalikar,Ashok Shankarrao Chavan (INC)
#f49921,Nandurbar,NDA,8,Bharatiya Janata Party,8,#PC224,Maharashtra,639136,Won,Dr. Heena Vijaykumar Gavit,Dr.Gavit Heena Vijaykumar (BJP)
#ec653a,Nashik,NDA,30,Shivsena,30,#PC244,Maharashtra,563599,Won,Hemant Godse,Godse Hemant Tukaram (SHS)
#ec653a,Osmanabad,NDA,30,Shivsena,30,#PC263,Maharashtra,596640,Won,omprakash bhupalsinh alias pawan rajenimbalkr,Gaikwad Ravindra Vishwanath (SHS)
#ec653a,Palghar,NDA,30,Shivsena,30,#PC245,Maharashtra,580479,Won,Rajendra dhedya gavit,Adv. Chintaman Navasha Wanga (BJP)
#ec653a,Parbhani,NDA,30,Shivsena,30,#PC240,Maharashtra,538941,Won,Sanjay Haribhau Jadhav,Jadhav Sanjay (Bandu) Haribhau (SHS)
#f49921,Pune,NDA,8,Bharatiya Janata Party,8,#PC257,Maharashtra,632835,Won,Shri Girish Bapat,Anil Shirole (BJP)
#3971b7,Raigad,UPA,24,Nationalist Congress Party,24,#PC255,Maharashtra,486968,Won,Sunil Tatkare,Anant Geete (SHS)
#ec653a,Ramtek,NDA,30,Shivsena,30,#PC232,Maharashtra,597126,Won,Krupal Balaji Tumane,Krupal Balaji Tumane (SHS)
#ec653a,Ratnagiri-Sindhudurg,NDA,30,Shivsena,30,#PC269,Maharashtra,458022,Won,Vinayak Raut,Vinayak Bhaurao Raut (SHS)
#f49921,Raver,NDA,8,Bharatiya Janata Party,8,#PC227,Maharashtra,655386,Won,Smt. Raksha Nikhil Khadse,Khadase Raksha Nikhil (BJP)
#f49921,Sangli,NDA,8,Bharatiya Janata Party,8,#PC267,Maharashtra,508995,Won,Sanjay Ramchandra Patil,Sanjaykaka Patil (BJP)
#3971b7,Satara,UPA,24,Nationalist Congress Party,24,#PC268,Maharashtra,579026,Won,Udayanraje Bhosale,Shrimant Chh.  Udayanraje Pratapsinha Bhonsale (NCP)
#ec653a,Shirdi,NDA,30,Shivsena,30,#PC261,Maharashtra,486820,Won,Sadashiv Lokhande,Lokhande Sadashiv Kisan (SHS)
#3971b7,Shirur,UPA,24,Nationalist Congress Party,24,#PC259,Maharashtra,635830,Won,Amol Kolhe,Adhalrao Shivaji Dattatrey (SHS)
#f49921,Solapur,NDA,8,Bharatiya Janata Party,8,#PC265,Maharashtra,524985,Won,Dr. Jaysidhesvar Swami,Sharad Bansode (BJP)
#3971b7,Thane,UPA,24,Nationalist Congress Party,24,#PC248,Maharashtra,328824,Won,Anand Paranjpe,Vichare Rajan Baburao (SHS)
#f49921,Wardha,NDA,8,Bharatiya Janata Party,8,#PC231,Maharashtra,578364,Won,Shri Ramdas Chandrabhanji Tadas,Ramdas Chandrabhanji Tadas (BJP)
#ec653a,Yavatmal-Washim,NDA,30,Shivsena,30,#PC237,Maharashtra,542098,Won,Bhawana Gawli,Gawali Bhavana Pundlikrao (SHS)
#f49921,Ahmednagar,NDA,8,Bharatiya Janata Party,8,#PC260,Maharashtra,704660,Won,Shri Sujay Vikhe Patil,Gandhi Dilipkumar Mansukhlal (BJP)
#f49921,Akola,NDA,8,Bharatiya Janata Party,8,#PC229,Maharashtra,554444,Won,Shri Sanjay Shamrao Dhotre,Dhotre Sanjay Shamrao (BJP)
#aaa8a8,Amravati,Others,12,Independent,12,#PC230,Maharashtra,510947,Won,Navnit Ravi Rana,Adsul Anandrao Vithoba (SHS)
#6ab86b,Aurangabad,Others,3,All India Majlis-E-Ittehadul Muslimeen,3,#PC242,Maharashtra,389042,Won,Imtiaz Jaleel Syed,Chandrakant Bhaurao Khaire (SHS)
#3971b7,Baramati,UPA,24,Nationalist Congress Party,24,#PC258,Maharashtra,686714,Won,Supriya Sule,Supriya Sule (NCP)
#f49921,Beed,NDA,8,Bharatiya Janata Party,8,#PC262,Maharashtra,678175,Won,Dr. Pritam Gopinath Munde,Munde Gopinathrao Pandurang (BJP)
#f49921,Bhandara-Gondiya,NDA,8,Bharatiya Janata Party,8,#PC234,Maharashtra,650243,Won,Shri Sunil Baburao Mendhe,Nanabhau Falgunrao Patole (BJP)
#f49921,Bhiwandi,NDA,8,Bharatiya Janata Party,8,#PC246,Maharashtra,523583,Won,Shri Kapil Moreshwar Patil,Kapil Moreshwar Patil (BJP)
#ec653a,Buldhana,NDA,30,Shivsena,30,#PC228,Maharashtra,521977,Won,Jadhav Prataprao Ganpatrao,Jadhav Prataprao Ganpatrao (SHS)
#4099CF,Chandrapur,UPA,13,Indian National Congress,13,#PC236,Maharashtra,559507,Won,Balubhau alias Suresh Narayan Dhanorkar,Ahir Hansraj Gangaram (BJP)
#f49921,Dhule,NDA,8,Bharatiya Janata Party,8,#PC225,Maharashtra,613533,Won,Dr. Subhash Ramrao Bhamre,Dr. Bhamre Subhash Ramrao (BJP)
#f49921,Dindori,NDA,8,Bharatiya Janata Party,8,#PC243,Maharashtra,567470,Won,Dr. Bharati Pawar,Chavan Harishchandra Deoram (BJP)
#4099CF,Gadchiroli-Chimur,UPA,13,Indian National Congress,13,#PC235,Maharashtra,442442,Won,Dr. Namdev Dalluji Usendi,Ashok Mahadeorao Nete (BJP)
#ec653a,Hatkanangle,NDA,30,Shivsena,30,#PC271,Maharashtra,585776,Won,Dhairyasheel Mane,Raju Shetty (SWP)
#ec653a,Hingoli,NDA,30,Shivsena,30,#PC238,Maharashtra,586312,Won,Hemant Sriram Patil,Rajeev Shankarrao Satav (INC)
#f49921,Jalgaon,NDA,8,Bharatiya Janata Party,8,#PC226,Maharashtra,713874,Won,Unmesh Bhaiyyasaheb Patil,A.T. Nana Patil (BJP)
#f49921,Jalna,NDA,8,Bharatiya Janata Party,8,#PC241,Maharashtra,698019,Won,Shri Raosaheb Patil Danve,Danve Raosaheb Dadarao (BJP)
#ec653a,Kalyan,NDA,30,Shivsena,30,#PC247,Maharashtra,559723,Won,Shrikant Shinde,Dr.Shrikant Eknath Shinde (SHS)
#ec653a,Kolhapur,NDA,30,Shivsena,30,#PC270,Maharashtra,749085,Won,Sanjay Mandlik,Dhananjay Bhimrao Mahadik (NCP)
#f49921,Inner Manipur,NDA,8,Bharatiya Janata Party,8,#PC272,Manipur,263632,Won,Dr Rajkumar Ranjan Singh,Dr. Thokchom Meinya (INC)
#45266b,Outer Manipur,Others,22,Naga Peoples Front,22,#PC273,Manipur,363527,Won,Lorho S. Pfoze,Thangso Baite (INC)
#4099CF,Shillong,UPA,13,Indian National Congress,13,#PC274,Meghalaya,419689,Won,Vincent H Pala,Vincent H. Pala (INC)
#92c02a,Tura,NDA,23,National Peoples Party,23,#PC275,Meghalaya,304455,Won,AGATHA K. SANGMA,Purno Agitok Sangma (NPEP)
#98C6CA,Mizoram,Others,60,Mizo National Front,60,#PC276,Mizoram,224286,Won,C Lalrosanga,C. L. Ruala (INC)
#98C6CA,Nagaland,Others,62,Nationalist Democratic Progressive Party,62,#PC277,Nagaland,500510,Won,Tokheho Yepthomi,Neiphiu Rio (NPF)
#6e8d92,Aska,Others,9,Biju Janata Dal,9,#PC296,Odisha,195856,Leading,Pramila Bisoi,Ladu Kishore Swain (BJD)
#f49921,Balasore,NDA,8,Bharatiya Janata Party,8,#PC283,Odisha,21005,Leading,Shri Pratap Sarangi,Rabindra Kumar Jena (BJD)
#f49921,Bargarh,NDA,8,Bharatiya Janata Party,8,#PC278,Odisha,47539,Leading,Shri Suresh Pujari,Prabhas Kumar Singh (BJD)
#6e8d92,Berhampur,Others,9,Biju Janata Dal,9,#PC297,Odisha,3740,Leading,CHANDRA SEKHAR SAHU,Sidhant Mohapatra (BJD)
#6e8d92,Bhadrak,Others,9,Biju Janata Dal,9,#PC284,Odisha,2948,Leading,Manjulata Mandal,Arjun Charan Sethi (BJD)
#f49921,Bhubaneswar,NDA,8,Bharatiya Janata Party,8,#PC295,Odisha,8603,Leading,Smt. Aparajita Sarangi,Prasanna Kumar Patasani (BJD)
#f49921,Bolangir,NDA,8,Bharatiya Janata Party,8,#PC287,Odisha,2444,Leading,Shri Sangeeta Kumari Singh Deo,Kalikesh Narayan Singh Deo (BJD)
#6e8d92,Cuttack,Others,9,Biju Janata Dal,9,#PC291,Odisha,2001,Leading,Bhartruhari Mahtab,Bhartruhari Mahatab (BJD)
#6e8d92,Dhenkanal,Others,9,Biju Janata Dal,9,#PC286,Odisha,2561,Leading,Mahesh Sahu,Tathagata Satpathy (BJD)
#6e8d92,Jagatsinghpur,Others,9,Biju Janata Dal,9,#PC293,Odisha,8464,Leading,Dr. Rajshree Malik,Kulamani Samal (BJD)
#6e8d92,Jajpur,Others,9,Biju Janata Dal,9,#PC285,Odisha,18459,Leading,Sarmishtha Sethi,Rita Tarai (BJD)
#f49921,Kalahandi,NDA,8,Bharatiya Janata Party,8,#PC288,Odisha,4261,Leading,Basanta Kumar Panda,Arka Keshari Deo (BJD)
#6e8d92,Kandhamal,Others,9,Biju Janata Dal,9,#PC290,Odisha,10397,Leading,ACHYUTANANDA SAMANTA,Hemendra Chandra Singh (BJD)
#6e8d92,Kendrapara,Others,9,Biju Janata Dal,9,#PC292,Odisha,1312,Leading,Anubhav Mohanty,Baijayant Panda (BJD)
#6e8d92,Keonjhar,Others,9,Biju Janata Dal,9,#PC281,Odisha,1303,Leading,Chandrani Murmu,Sakuntala Laguri (BJD)
#6e8d92,Koraput,Others,9,Biju Janata Dal,9,#PC298,Odisha,4497,Leading,Kaushalya Hikaka,Jhina Hikaka (BJD)
#f49921,Mayurbhanj,NDA,8,Bharatiya Janata Party,8,#PC282,Odisha,1341,Leading,Er Biswesar Tudu,Rama Chandra Hansdah (BJD)
#6e8d92,Nabarangpur,Others,9,Biju Janata Dal,9,#PC289,Odisha,7586,Leading,Ramesh Manjhi,Balabhadra Majhi (BJD)
#f49921,Puri,NDA,8,Bharatiya Janata Party,8,#PC294,Odisha,2451,Leading,Dr. Sambit Patra,Pinaki Misra (BJD)
#f49921,Sambalpur,NDA,8,Bharatiya Janata Party,8,#PC280,Odisha,765,Leading,Shri Nitesh Ganga Deb,Nagendra Kumar Pradhan (BJD)
#f49921,Sundargarh,NDA,8,Bharatiya Janata Party,8,#PC279,Odisha,5290,Leading,Shri Jual Oram,Jual @ Juel Oram (BJP)
#4099CF,Puducherry,UPA,13,Indian National Congress,13,#PC543,Puducherry,10447,Leading,V. Vaithilingam,R. Radhakrishnan (AINRC)
#4099CF,Amritsar,UPA,13,Indian National Congress,13,#PC300,Punjab,445032,Won,Gurjit Singh Aujla,Captain Amarinder Singh (INC)
#4099CF,Anandpur Sahib,UPA,13,Indian National Congress,13,#PC304,Punjab,428045,Won,Manish Tewari,Prem Singh Chandumajra (SAD)
#24244f,Bathinda,NDA,29,Shiromani Akali Dal,29,#PC309,Punjab,492824,Won,Harsimrat Kaur Badal,Harsimrat Kaur Badal (SAD)
#4099CF,Faridkot,UPA,13,Indian National Congress,13,#PC307,Punjab,419065,Won,Mohd. Sadique,Prof. Sadhu Singh (AAAP)
#4099CF,Fatehgarh Sahib,UPA,13,Indian National Congress,13,#PC306,Punjab,411651,Won,Dr. Amar Singh,Harinder Singh Khalsa (AAAP)
#24244f,Firozpur,NDA,29,Shiromani Akali Dal,29,#PC308,Punjab,633427,Won,Sukhbir Singh Badal,Sher Singh Ghubaya (SAD)
#f49921,Gurdaspur,NDA,8,Bharatiya Janata Party,8,#PC299,Punjab,558719,Won,Sunny Deol,Vinod Khanna (BJP)
#f49921,Hoshiarpur,NDA,8,Bharatiya Janata Party,8,#PC303,Punjab,421320,Won,Sh. Som Prakash,Vijay Sampla (BJP)
#4099CF,Jalandhar,UPA,13,Indian National Congress,13,#PC302,Punjab,385712,Won,Santokh Singh Shaudhary,Santokh Singh Chaudhary (INC)
#4099CF,Khadoor Sahib,UPA,13,Indian National Congress,13,#PC301,Punjab,459710,Won,Jasbir Singh Gill (Dimpa),Ranjit Singh Brahmpura (SAD)
#4099CF,Ludhiana,UPA,13,Indian National Congress,13,#PC305,Punjab,383795,Won,Ravneet Singh Bittu,Ravneet Singh Bittu (INC)
#4099CF,Patiala,UPA,13,Indian National Congress,13,#PC311,Punjab,532027,Won,Preneet Kaur,Dr. Dharam Vira Gandhi (AAAP)
#ff0d86,Sangrur,Others,1,Aam Aadmi Party,1,#PC310,Punjab,413561,Won,Bhagwant Mann,Bhagwant Mann (AAAP)
#f49921,Ajmer,NDA,8,Bharatiya Janata Party,8,#PC324,Rajasthan,815076,Won,Shri Bhagirath Chaudhary,Sanwar Lal Jat  (BJP)
#f49921,Alwar,NDA,8,Bharatiya Janata Party,8,#PC319,Rajasthan,760201,Won,Shri Balak Nath,Chand Nath (BJP)
#f49921,Banswara,NDA,8,Bharatiya Janata Party,8,#PC331,Rajasthan,711709,Won,Shri Kanak Mal Katara,Manshankar Ninama  (BJP)
#f49921,Barmer,NDA,8,Bharatiya Janata Party,8,#PC328,Rajasthan,846526,Won,Shri Kailash Chaudhry,Col. Sona Ram (BJP)
#f49921,Bharatpur,NDA,8,Bharatiya Janata Party,8,#PC320,Rajasthan,707992,Won,Smt Ranjeeta Kohli,Bahadur Singh Koli (BJP)
#f49921,Bhilwara,NDA,8,Bharatiya Janata Party,8,#PC334,Rajasthan,938160,Won,Shri Subhash Chandra Baheria,Subhash Baheria (BJP)
#f49921,Bikaner,NDA,8,Bharatiya Janata Party,8,#PC313,Rajasthan,657743,Won,Shri Arjun Ram Meghwal,Arjun Ram Meghwal  (BJP)
#f49921,Chittorgarh,NDA,8,Bharatiya Janata Party,8,#PC332,Rajasthan,982942,Won,Shri C. P. Joshi,Chandra Prakash Joshi (BJP)
#f49921,Churu,NDA,8,Bharatiya Janata Party,8,#PC314,Rajasthan,792999,Won,"Shri Rahul Kaswan, MP",Rahul Kaswan  (BJP)
#f49921,Dausa,NDA,8,Bharatiya Janata Party,8,#PC322,Rajasthan,548733,Won,Jas Kaur Meena,Harish Chandra Meena  (BJP)
#f49921,Ganganagar,NDA,8,Bharatiya Janata Party,8,#PC312,Rajasthan,897177,Won,Shri Nihal Chand Chauhan,Nihalchand (BJP)
#f49921,Jaipur,NDA,8,Bharatiya Janata Party,8,#PC318,Rajasthan,924065,Won,Shri Ramcharan Bohra,Ramcharan Bohara (BJP)
#f49921,Jaipur Rural,NDA,8,Bharatiya Janata Party,8,#PC317,Rajasthan,820132,Won,Col. Rajyavardhan Singh Rathore,Rajyavardhan Singh Rathore  (BJP)
#f49921,Jalore,NDA,8,Bharatiya Janata Party,8,#PC329,Rajasthan,772833,Won,Shri Devji Mansingram Patel,Devji Patel  (BJP)
#f49921,Jhalawar-Baran,NDA,8,Bharatiya Janata Party,8,#PC336,Rajasthan,887400,Won,Shri Dushyant Singh,Dushyant Singh (BJP)
#f49921,Jhunjhunu,NDA,8,Bharatiya Janata Party,8,#PC315,Rajasthan,738163,Won,Shri Narendra Khinchal,Santosh Ahlawat (BJP)
#f49921,Jodhpur,NDA,8,Bharatiya Janata Party,8,#PC327,Rajasthan,788888,Won,Shri Gajendra Singh Shekhawat,Gajendrasingh Shekhawat  (BJP)
#f49921,Karauli-Dholpur,NDA,8,Bharatiya Janata Party,8,#PC321,Rajasthan,526443,Won,Shri Manoj Rajuriya,Manoj Rajoriya (BJP)
#f49921,Kota,NDA,8,Bharatiya Janata Party,8,#PC335,Rajasthan,800051,Won,Shri Om Birla,Om Birla  (BJP)
#9ACD32,Nagaur,Others,46,Rashtriya Loktantrik Party,46,#PC325,Rajasthan,660051,Won,Hanuman Beniwal,C R Choudhary (BJP)
#f49921,Pali,NDA,8,Bharatiya Janata Party,8,#PC326,Rajasthan,900149,Won,Shri P P Chaudhary,P P Chaudhary (BJP)
#f49921,Rajsamand,NDA,8,Bharatiya Janata Party,8,#PC333,Rajasthan,863039,Won,Smt Diya Kumari,Hariom Singh Rathore (BJP)
#f49921,Sikar,NDA,8,Bharatiya Janata Party,8,#PC316,Rajasthan,772104,Won,Shri Sumedhanand Saraswati,Sumedhanand Saraswati  (BJP)
#f49921,Tonk-Sawai Madhopur,NDA,8,Bharatiya Janata Party,8,#PC323,Rajasthan,644319,Won,Shri Sukhbir Singh Jaunapuria,Sukhbir Singh Jaunapuria  (BJP)
#f49921,Udaipur,NDA,8,Bharatiya Janata Party,8,#PC330,Rajasthan,871548,Won,Shri Arjunlal Meena,Arjunlal Meena  (BJP)
#98C6CA,Sikkim,Others,67,Sikkim Krantikari Morcha,67,#PC337,Sikkim,166922,Won,Indra Hang Subba,Prem Das Rai (SDF)
#817dfb,Arakkonam,UPA,37,Dravida Munnetra Kazhagam,37,#PC344,Tamil Nadu,672190,Won,S. Jagathrakshakan,"Hari, G. (ADMK)"
#7c8e35,Arani,NDA,2,All India Anna Dravida Munnetra Kazhagam,2,#PC349,Tamil Nadu,386954,Won,Elumalai V,V.Elumalai (ADMK)
#817dfb,Chennai Central,UPA,37,Dravida Munnetra Kazhagam,37,#PC341,Tamil Nadu,448911,Won,Dayanidhi Maran,S.R. Vijayakumar (ADMK)
#817dfb,Chennai North,UPA,37,Dravida Munnetra Kazhagam,37,#PC339,Tamil Nadu,590986,Won,Dr. Kalanidhi Veeraswamy,Venkatesh Babu .T.G (ADMK)
#817dfb,Chennai South,UPA,37,Dravida Munnetra Kazhagam,37,#PC340,Tamil Nadu,564872,Won,Sumathy (Alias) Thamizhachi Thangapandian,Dr. J. Jayavardhan (ADMK)
#98C6CA,Chidambaram,Others,68,Viduthalai Chiruthaigal Katchi,68,#PC364,Tamil Nadu,500229,Won,Thol. Thirumavalavan,"Chandrakasi, M (ADMK)"
#dd0a14,Coimbatore,Left Front,11,Communist Party Of India (Marxist),11,#PC357,Tamil Nadu,571150,Won,P. R. Natarajan,"Nagarajan, P. (ADMK)"
#817dfb,Cuddalore,UPA,37,Dravida Munnetra Kazhagam,37,#PC363,Tamil Nadu,522160,Won,T. R. V .S. Ramesh,Arunmozhithevan.A (ADMK)
#817dfb,Dharmapuri,UPA,37,Dravida Munnetra Kazhagam,37,#PC347,Tamil Nadu,574988,Won,Senthil Kumar.S,Anbumani Ramadoss (PMK)
#817dfb,Dindigul,UPA,37,Dravida Munnetra Kazhagam,37,#PC359,Tamil Nadu,746523,Won,"Velusamy, P.",Udhaya Kumar .M (ADMK)
#817dfb,Erode,UPA,37,Dravida Munnetra Kazhagam,37,#PC354,Tamil Nadu,563591,Won,Ganeshamurthi A,Selvakumara Chinnayan S (ADMK)
#817dfb,Kallakurichi,UPA,37,Dravida Munnetra Kazhagam,37,#PC351,Tamil Nadu,721713,Won,Gautham Sigamani P,Kamaraj. K (ADMK)
#817dfb,Kancheepuram,UPA,37,Dravida Munnetra Kazhagam,37,#PC343,Tamil Nadu,684004,Won,Selvam.G,Maragatham  K (ADMK)
#4099CF,Kanniyakumari,UPA,13,Indian National Congress,13,#PC376,Tamil Nadu,627235,Won,H. Vasanthakumar,Radhakrishnan P. (BJP)
#4099CF,Karur,UPA,13,Indian National Congress,13,#PC360,Tamil Nadu,695697,Won,Selvi Jothimani,"Thambidurai,M. (ADMK)"
#4099CF,Krishnagiri,UPA,13,Indian National Congress,13,#PC346,Tamil Nadu,611298,Won,Dr. A Chellakumar,Ashok Kumar.K (ADMK)
#dd0a14,Madurai,Left Front,11,Communist Party Of India (Marxist),11,#PC369,Tamil Nadu,447075,Won,Su. Venkatesan,R.Gopalakrishnan (ADMK)
#817dfb,Mayiladuthurai,UPA,37,Dravida Munnetra Kazhagam,37,#PC365,Tamil Nadu,599292,Won,Ramalingam. S,Bharathi Mohan R.K (ADMK)
#e75557,Nagapattinam,Left Front,10,Communist Party Of India,10,#PC366,Tamil Nadu,522892,Won,Selvaraj,Gopal. Dr. K (ADMK)
#817dfb,Namakkal,UPA,37,Dravida Munnetra Kazhagam,37,#PC353,Tamil Nadu,626293,Won,Chinraj A.K.P,Sundaram P.R (ADMK)
#817dfb,Nilgiris,UPA,37,Dravida Munnetra Kazhagam,37,#PC356,Tamil Nadu,547832,Won,"Raja, A.","Gopalakrishnan, C. (ADMK)"
#817dfb,Perambalur,UPA,37,Dravida Munnetra Kazhagam,37,#PC362,Tamil Nadu,683697,Won,Dr Paarivendhar T R,"Marutharajaa, R.P. (ADMK)"
#817dfb,Pollachi,UPA,37,Dravida Munnetra Kazhagam,37,#PC358,Tamil Nadu,554230,Won,K Shanmugasundaram,Mahendran.C (ADMK)
#00a08c,Ramanathapuram,UPA,15,Indian Union Muslim League,15,#PC372,Tamil Nadu,469943,Won,Nawaz Kani,Anwar Raajhaa. A  (ADMK)
#817dfb,Salem,UPA,37,Dravida Munnetra Kazhagam,37,#PC352,Tamil Nadu,606302,Won,Parthiban.S.R,Pannerselvam.V (ADMK)
#4099CF,Sivaganga,UPA,13,Indian National Congress,13,#PC368,Tamil Nadu,566104,Won,Karti P Chidambaram,Senthilnathan Pr (ADMK)
#817dfb,Sriperumbudur,UPA,37,Dravida Munnetra Kazhagam,37,#PC342,Tamil Nadu,793281,Won,Baalu.T.R.,"Ramachandran, K.N. Thiru (ADMK)"
#817dfb,Tenkasi,UPA,37,Dravida Munnetra Kazhagam,37,#PC374,Tamil Nadu,476156,Won,Dhanush M Kumar,Vasanthi.M (ADMK)
#817dfb,Thanjavur,UPA,37,Dravida Munnetra Kazhagam,37,#PC367,Tamil Nadu,588978,Won,Palanimanickam.S.S,Parasuraman.K (ADMK)
#7c8e35,Theni,NDA,2,All India Anna Dravida Munnetra Kazhagam,2,#PC370,Tamil Nadu,504813,Won,"Raveendranath Kumar, P","Parthipan, R. (ADMK)"
#4099CF,Thiruvallur,UPA,13,Indian National Congress,13,#PC338,Tamil Nadu,767292,Won,Dr.K.Jayakumar,Venugopal.P.(Dr) (ADMK)
#817dfb,Thoothukkudi,UPA,37,Dravida Munnetra Kazhagam,37,#PC373,Tamil Nadu,563143,Won,Kanimozi Karunanidhi,Jeyasingh Thiyagaraj Natterjee.J (ADMK)
#4099CF,Tiruchirappalli,UPA,13,Indian National Congress,13,#PC361,Tamil Nadu,621285,Won,Su. Thirunnavukkarasar,Kumar.P (ADMK)
#817dfb,Tirunelveli,UPA,37,Dravida Munnetra Kazhagam,37,#PC375,Tamil Nadu,522623,Won,Gnanathiraviam S,Prabakaran.K.R.P (ADMK)
#e75557,Tiruppur,Left Front,10,Communist Party Of India,10,#PC355,Tamil Nadu,508725,Won,K. Subbarayan,V.Sathyabama (ADMK)
#817dfb,Tiruvannamalai,UPA,37,Dravida Munnetra Kazhagam,37,#PC348,Tamil Nadu,666272,Won,Annadurai C N,Vanaroja R (ADMK)
,Vellore,,,,,#PC345,Tamil Nadu,,,,"Senguttuvan, B. (ADMK)"
#817dfb,Viluppuram,UPA,37,Dravida Munnetra Kazhagam,37,#PC350,Tamil Nadu,559585,Won,Ravi Kumar D,Rajendran S (ADMK)
#4099CF,Virudhunagar,UPA,13,Indian National Congress,13,#PC371,Tamil Nadu,470883,Won,Manickam Tagore,Radhakrishnan T (ADMK)
#f49921,Adilabad,NDA,8,Bharatiya Janata Party,8,#PC1,Telangana,318814,Won,Shri Soyam Babu Rao,Godam Nagesh (TRS)
#4099CF,Bhongir,UPA,13,Indian National Congress,13,#PC14,Telangana,532795,Won,Komatireddy Venkat Reddy,Dr. Boora Narsaiah Goud (TRS)
#e51a83,Chelvella,Third Front,33,Telangana Rashtra Samithi,33,#PC10,Telangana,528148,Won,G Ranjith Reddy,Konda Vishweshwar Reddy (TRS)
#6ab86b,Hyderabad,Others,3,All India Majlis-E-Ittehadul Muslimeen,3,#PC9,Telangana,517471,Won,Asaduddin Owaisi,Asaduddin Owaisi (AIMIM)
#f49921,Karimnagar,NDA,8,Bharatiya Janata Party,8,#PC3,Telangana,498276,Won,Shri Bandi Sanjay,Vinod Kumar Boinapally (TRS)
#e51a83,Khammam,Third Front,33,Telangana Rashtra Samithi,33,#PC17,Telangana,567459,Won,Nageswara Rao Nama,Ponguleti  Srinivasa Reddy (YSRCP)
#e51a83,Mahabubabad,Third Front,33,Telangana Rashtra Samithi,33,#PC16,Telangana,462109,Won,Maloth Kavitha,Prof. Azmeera Seetaram Naik (TRS)
#e51a83,Mahbubnagar,Third Front,33,Telangana Rashtra Samithi,33,#PC11,Telangana,411402,Won,MANNE SRINIVAS REDDY,Ap Jithender Reddy (TRS)
#4099CF,Malkajgiri,UPA,13,Indian National Congress,13,#PC7,Telangana,603748,Won,A Revanth Reddy,Ch.Malla Reddy (TDP)
#e51a83,Medak,Third Front,33,Telangana Rashtra Samithi,33,#PC6,Telangana,596048,Won,Kotha Prabhakar Reddy,Kalvakuntla Chandrasekhar Rao (TRS)
#e51a83,Nagarkurnool,Third Front,33,Telangana Rashtra Samithi,33,#PC12,Telangana,499672,Won,P Ramulu,Yellaiah Nandi (INC)
#4099CF,Nalgonda,UPA,13,Indian National Congress,13,#PC13,Telangana,526028,Won,N. Uttam Kumar Reddy,Gutha Sukhender Reddy (INC)
#f49921,Nizamabad,NDA,8,Bharatiya Janata Party,8,#PC4,Telangana,480584,Won,Shri D. Aravind,Kalvakuntla Kavitha (TRS)
#e51a83,Peddapalle,Third Front,33,Telangana Rashtra Samithi,33,#PC2,Telangana,441321,Won,Borlakunta Venkatesh Nethani,Balka Suman (TRS)
#f49921,Secunderabad,NDA,8,Bharatiya Janata Party,8,#PC8,Telangana,384780,Won,Shri G Kishan Reddy,Bandaru Dattatreya (BJP)
#e51a83,Warangal,Third Front,33,Telangana Rashtra Samithi,33,#PC15,Telangana,612498,Won,Pasunuri Dayakar,Kadiyam Srihari (TRS)
#e51a83,Zahirabad,Third Front,33,Telangana Rashtra Samithi,33,#PC5,Telangana,434244,Won,BB Patil,B.B. Patil (TRS)
#f49921,Tripura East,NDA,8,Bharatiya Janata Party,8,#PC378,Tripura,482126,Won,Rebati Tripura,Jitendra Chaudhury (Marxist) 
#f49921,Tripura West,NDA,8,Bharatiya Janata Party,8,#PC377,Tripura,573532,Won,Shri Rebati Tripura,Sankar Prasad Datta (Marxist) 
#f49921,Agra,NDA,8,Bharatiya Janata Party,8,#PC384,Uttar Pradesh,646875,Won,S. P. Singh Baghel,Dr. Ram Shankar Katheria (BJP)
#f49921,Akbarpur,NDA,8,Bharatiya Janata Party,8,#PC379,Uttar Pradesh,581282,Won,Devendra Singh Bhole,Devendra Singh @ Bhole Singh (BJP)
#f49921,Aligarh,NDA,8,Bharatiya Janata Party,8,#PC383,Uttar Pradesh,656215,Won,Satish Kumar Gautam,Satish Kumar (BJP)
#f49921,Allahabad,NDA,8,Bharatiya Janata Party,8,#PC388,Uttar Pradesh,494454,Won,Rita Bahuguna Joshi,Shyama Charan Gupta (BJP)
#22409a,Ambedkar Nagar,Others,40,Bahujan Samaj Party (BSP),40,#PC382,Uttar Pradesh,564118,Won,Shri Ritesh Pandey,Hari Om Pandey (BJP)
#f49921,Amethi,NDA,8,Bharatiya Janata Party,8,#PC381,Uttar Pradesh,468514,Won,Smriti Irani,Rahul Gandhi (INC)
#22409a,Amroha,Others,40,Bahujan Samaj Party (BSP),40,#PC380,Uttar Pradesh,601082,Won,Kunwar Danish Ali,Kanwar Singh Tanwar (BJP)
#f49921,Aonla,NDA,8,Bharatiya Janata Party,8,#PC386,Uttar Pradesh,537675,Won,Dharmendra Kashyap,Dharmendra Kumar (BJP)
#11381d,Azamgarh,Others,32,Samajwadi Party,32,#PC385,Uttar Pradesh,621578,Won,Shree Akhilesh Yadav,Mulayam Singh Yadav (SP)
#f49921,Badaun,NDA,8,Bharatiya Janata Party,8,#PC420,Uttar Pradesh,511352,Won,Sangh Mitra Maurya,Dharmendra Yadav (SP)
#f49921,Baghpat,NDA,8,Bharatiya Janata Party,8,#PC425,Uttar Pradesh,525789,Won,Satya Pal Singh,Dr. Satya Pal Singh (BJP)
#f49921,Bahraich,NDA,8,Bharatiya Janata Party,8,#PC424,Uttar Pradesh,525982,Won,Akshayvara Lal Gaud,Sadhvi Savitri Bai Foole (BJP)
#f49921,Ballia,NDA,8,Bharatiya Janata Party,8,#PC422,Uttar Pradesh,469114,Won,Virendra Singh Mast,Bharat Singh (BJP)
#f49921,Banda,NDA,8,Bharatiya Janata Party,8,#PC426,Uttar Pradesh,477926,Won,R. K. Singh Patel,Bhairon Prasad Mishra (BJP)
#f49921,Bansgaon,NDA,8,Bharatiya Janata Party,8,#PC428,Uttar Pradesh,546673,Won,Kamlesh Paswan,Kamlesh Paswan (BJP)
#f49921,Barabanki,NDA,8,Bharatiya Janata Party,8,#PC427,Uttar Pradesh,535917,Won,Upendra Rawat,Priyanka Singh Rawat (BJP)
#f49921,Bareilly,NDA,8,Bharatiya Janata Party,8,#PC421,Uttar Pradesh,565270,Won,Santosh Kumar Gangwar,Santosh Kumar Gangwar (BJP)
#f49921,Basti,NDA,8,Bharatiya Janata Party,8,#PC423,Uttar Pradesh,471162,Won,Harish Dwivedi,Harish Chandra  Alias  Harish Dwivedi (BJP)
#f49921,Bhadohi,NDA,8,Bharatiya Janata Party,8,#PC431,Uttar Pradesh,510029,Won,Ramesh Bind,Virendra Singh (BJP)
#22409a,Bijnor,Others,40,Bahujan Samaj Party (BSP),40,#PC429,Uttar Pradesh,561045,Won,Malook Nagar,Kunwar Bhartendra (BJP)
#f49921,Bulandshahr,NDA,8,Bharatiya Janata Party,8,#PC430,Uttar Pradesh,681321,Won,Bhola Singh,Bhola Singh (BJP)
#f49921,Chandauli,NDA,8,Bharatiya Janata Party,8,#PC404,Uttar Pradesh,510733,Won,Mahendra Nath Pandey,Dr Mahendra Nath Pandey (BJP)
#f49921,Deoria,NDA,8,Bharatiya Janata Party,8,#PC409,Uttar Pradesh,580644,Won,Ramapati Ram Tripathi,Kalraj Mishra (BJP)
#f49921,Dhaurahra,NDA,8,Bharatiya Janata Party,8,#PC410,Uttar Pradesh,512905,Won,Rekha Verma,Rekha (BJP)
#f49921,Domariyaganj,NDA,8,Bharatiya Janata Party,8,#PC408,Uttar Pradesh,492253,Won,Jagdambika Pal,Jagdambika Pal (BJP)
#f49921,Etah,NDA,8,Bharatiya Janata Party,8,#PC390,Uttar Pradesh,545348,Won,Rajveer Singh,Rajveer Singh (Raju Bhaiya) (BJP)
#f49921,Etawah,NDA,8,Bharatiya Janata Party,8,#PC387,Uttar Pradesh,522119,Won,Ram Katheria,Ashok Kumar Doharey (BJP)
#f49921,Faizabad,NDA,8,Bharatiya Janata Party,8,#PC419,Uttar Pradesh,529021,Won,Lallu Singh,Lallu Singh (BJP)
#f49921,Farrukhabad,NDA,8,Bharatiya Janata Party,8,#PC414,Uttar Pradesh,569880,Won,Mukesh Rajput,Mukesh Rajput (BJP)
#f49921,Fatehpur,NDA,8,Bharatiya Janata Party,8,#PC415,Uttar Pradesh,566040,Won,Niranjan Jyoti,Niranjan Jyoti (BJP)
#f49921,Fatehpur Sikri,NDA,8,Bharatiya Janata Party,8,#PC416,Uttar Pradesh,667147,Won,Raj Kumar Chaher,Babulal (BJP)
#f49921,Firozabad,NDA,8,Bharatiya Janata Party,8,#PC417,Uttar Pradesh,495819,Won,Chandra Sen Jadun,Akshay Yadav (SP)
#f49921,Gautam Buddha Nagar,NDA,8,Bharatiya Janata Party,8,#PC402,Uttar Pradesh,830812,Won,Mahesh Sharma,Dr.Mahesh  Sharma (BJP)
#f49921,Ghaziabad,NDA,8,Bharatiya Janata Party,8,#PC399,Uttar Pradesh,944503,Won,V. K. Singh,Vijay Kumar Singh (BJP)
#22409a,Ghazipur,Others,40,Bahujan Samaj Party (BSP),40,#PC398,Uttar Pradesh,566082,Won,Shri Afzal Ansari,Manoj Sinha (BJP)
#22409a,Ghosi,Others,40,Bahujan Samaj Party (BSP),40,#PC403,Uttar Pradesh,573829,Won,Shri Atul Rai,Harinarayan Rajbhar (BJP)
#f49921,Gonda,NDA,8,Bharatiya Janata Party,8,#PC401,Uttar Pradesh,508190,Won,Kirti Vardhan Singh,Kirti Vardhan Singh (BJP)
#f49921,Gorakhpur,NDA,8,Bharatiya Janata Party,8,#PC400,Uttar Pradesh,717122,Won,Ravi Kishan,Adityanath (BJP)
#f49921,Hamirpur,NDA,8,Bharatiya Janata Party,8,#PC456,Uttar Pradesh,575122,Won,Pushpendra Singh Chandel,Kunwar Pushpendra Singh Chandel (BJP)
#f49921,Hardoi,NDA,8,Bharatiya Janata Party,8,#PC457,Uttar Pradesh,568143,Won,Jai Prakash Rawat,Anshul Verma (BJP)
#f49921,Hathras,NDA,8,Bharatiya Janata Party,8,#PC458,Uttar Pradesh,684299,Won,Rajveer Singh Balmiki,Rajesh Kumar Diwaker (BJP)
#f49921,Jalaun,NDA,8,Bharatiya Janata Party,8,#PC405,Uttar Pradesh,581763,Won,Bhanu Pratap Singh Verma,Bhanu Pratap Singh Verma (BJP)
#22409a,Jaunpur,Others,40,Bahujan Samaj Party (BSP),40,#PC406,Uttar Pradesh,521128,Won,Shri Shyam Singh Yadav,Krishna Pratap ''''''''K.P.'''''''' (BJP)
#f49921,Jhansi,NDA,8,Bharatiya Janata Party,8,#PC407,Uttar Pradesh,809272,Won,Anurag Sharma,Uma Bharati (BJP)
#f49921,Kairana,NDA,8,Bharatiya Janata Party,8,#PC394,Uttar Pradesh,566961,Won,Pradeep Choudhary,Hukum Singh (BJP)
#f49921,Kaiserganj,NDA,8,Bharatiya Janata Party,8,#PC395,Uttar Pradesh,581358,Won,Brij Bhushan Sharan Singh,Brij Bhusan Sharan Singh (BJP)
#f49921,Kannauj,NDA,8,Bharatiya Janata Party,8,#PC391,Uttar Pradesh,563087,Won,Subrat Pathak,Dimple Yadav (SP)
#f49921,Kanpur,NDA,8,Bharatiya Janata Party,8,#PC392,Uttar Pradesh,468937,Won,Satyadev Pachauri,Dr.Murli Manohar Joshi (BJP)
#f49921,Kaushambi,NDA,8,Bharatiya Janata Party,8,#PC396,Uttar Pradesh,383009,Won,VINOD KUMAR SONKAR,Vinod Kumar Sonkar (BJP)
#f49921,Kheri,NDA,8,Bharatiya Janata Party,8,#PC397,Uttar Pradesh,609589,Won,Ajay Kumar Mishra,Ajay Kumar (BJP)
#f49921,Kushi Nagar,NDA,8,Bharatiya Janata Party,8,#PC393,Uttar Pradesh,597039,Won,Vijay Dubey,Rajesh Pandey Urf Guddu (BJP)
#22409a,Lalganj,Others,40,Bahujan Samaj Party (BSP),40,#PC446,Uttar Pradesh,518820,Won,Smt. Sangeeta,Neelam Sonkar (BJP)
#f49921,Lucknow,NDA,8,Bharatiya Janata Party,8,#PC445,Uttar Pradesh,633026,Won,Rajnath Singh,Raj Nath Singh (BJP)
#f49921,Machhlishahr,NDA,8,Bharatiya Janata Party,8,#PC432,Uttar Pradesh,488397,Won,V. P. Saroj,Ram Charitra Nishad (BJP)
#f49921,Maharajganj,NDA,8,Bharatiya Janata Party,8,#PC434,Uttar Pradesh,726349,Won,Pankaj Choudhary,Pankaj (BJP)
#11381d,Mainpuri,Others,32,Samajwadi Party,32,#PC440,Uttar Pradesh,522048,Won,Shree Mulayam Singh Yadav,Mulayam Singh Yadav (SP)
#f49921,Mathura,NDA,8,Bharatiya Janata Party,8,#PC433,Uttar Pradesh,671293,Won,Hema Malini,Hema Malini (BJP)
#f49921,Meerut,NDA,8,Bharatiya Janata Party,8,#PC439,Uttar Pradesh,586184,Won,Rajendra Agrawal,Rajendra Agarwal (BJP)
#544595,Mirzapur,UPA,7,Apna Dal,7,#PC435,Uttar Pradesh,591564,Won,Anupriya Patel,Anupriya Singh Patel (AD)
#f49921,Misrikh,NDA,8,Bharatiya Janata Party,8,#PC436,Uttar Pradesh,534429,Won,Ashok Kumar Rawat,Anju Bala (BJP)
#f49921,Mohanlalganj,NDA,8,Bharatiya Janata Party,8,#PC441,Uttar Pradesh,629748,Won,Kaushal Kishore,Kaushal Kishore (BJP)
#11381d,Moradabad,Others,32,Samajwadi Party,32,#PC438,Uttar Pradesh,649416,Won,Dr. S T Hassan,Kunwer Sarvesh Kumar (BJP)
#f49921,Muzaffarnagar,NDA,8,Bharatiya Janata Party,8,#PC437,Uttar Pradesh,573780,Won,Sanjeev Balyanl,(Dr.) Sanjeev Kumar Balyan (BJP)
#22409a,Nagina,Others,40,Bahujan Samaj Party (BSP),40,#PC411,Uttar Pradesh,568378,Won,Girish Chandra,Yashwant Singh (BJP)
#f49921,Phulpur,NDA,8,Bharatiya Janata Party,8,#PC418,Uttar Pradesh,544701,Won,Keshri Patel,Keshav Prasad Maurya (BJP)
#f49921,Pilibhit,NDA,8,Bharatiya Janata Party,8,#PC413,Uttar Pradesh,704549,Won,Varun Gandhi,Maneka Sanjay Gandhi (BJP)
#f49921,Pratapgarh,NDA,8,Bharatiya Janata Party,8,#PC412,Uttar Pradesh,436291,Won,Sangam Lal Gupta,Kuwar Harivansh Singh (AD)
#4099CF,Rae Bareli,UPA,13,Indian National Congress,13,#PC443,Uttar Pradesh,534918,Won,Sonia Gandhi,Sonia Gandhi (INC)
#11381d,Rampur,Others,32,Samajwadi Party,32,#PC442,Uttar Pradesh,559177,Won,Shree Azam Khan,Dr. Nepal Singh (BJP)
#544595,Robertsganj,UPA,7,Apna Dal,7,#PC444,Uttar Pradesh,447914,Won,Pakauri Lal,Chhotelal (BJP)
#22409a,Saharanpur,Others,40,Bahujan Samaj Party (BSP),40,#PC453,Uttar Pradesh,514139,Won,Haji Fazulrahman,Raghav Lakhanpal (BJP)
#f49921,Salempur,NDA,8,Bharatiya Janata Party,8,#PC452,Uttar Pradesh,467241,Won,Ravindra Kushawaha,Ravindra Kushawaha (BJP)
#11381d,Sambhal,Others,32,Samajwadi Party,32,#PC451,Uttar Pradesh,658006,Won,Shree Shafiqur Rahman Barq,Satyapal Singh (BJP)
#f49921,Sant Kabir Nagar,NDA,8,Bharatiya Janata Party,8,#PC450,Uttar Pradesh,467543,Won,Praveen Kumar Nishad,Sharad Tripathi (BJP)
#f49921,Shahjahanpur,NDA,8,Bharatiya Janata Party,8,#PC448,Uttar Pradesh,688990,Won,Arun Sagar,Krishna Raj (BJP)
#22409a,Shrawasti,Others,40,Bahujan Samaj Party (BSP),40,#PC449,Uttar Pradesh,441771,Won,Shri Ramasheromani Verma,Daddan Mishra (BJP)
#f49921,Sitapur,NDA,8,Bharatiya Janata Party,8,#PC454,Uttar Pradesh,514528,Won,Rajesh Verma,Rajesh Verma (BJP)
#f49921,Sultanpur,NDA,8,Bharatiya Janata Party,8,#PC455,Uttar Pradesh,459196,Won,Maneka Gandhi,Feroze Varun Gandhi (BJP)
#f49921,Unnao,NDA,8,Bharatiya Janata Party,8,#PC389,Uttar Pradesh,703507,Won,Sakshi Maharaj,Sakshi Maharaj (BJP)
#f49921,Varanasi,NDA,8,Bharatiya Janata Party,8,#PC447,Uttar Pradesh,674664,Won,Narendra Modi,Narendra Modi (BJP)
#f49921,Almora,NDA,8,Bharatiya Janata Party,8,#PC528,Uttarakhand,444651,Won,Shri Ajay Tamta,Ajay Tamta (BJP)
#f49921,Garhwal,NDA,8,Bharatiya Janata Party,8,#PC527,Uttarakhand,506980,Won,Shri Tirath Singh Rawat,(Maj Gen (Retd.) ) Bhuwan Chandra Khanduri (Avsm) (BJP)
#f49921,Hardwar,NDA,8,Bharatiya Janata Party,8,#PC530,Uttarakhand,665674,Won,Dr. Ramesh Pokhriyal (Nishank),Ramesh Pokhriyal Nishank (BJP)
#f49921,Nainital-Udhamsingh Nagar,NDA,8,Bharatiya Janata Party,8,#PC529,Uttarakhand,339096,Won,Shri Ajay Bhatt,Bhagat Singh Koshyari (BJP)
#f49921,Tehri Garhwal,NDA,8,Bharatiya Janata Party,8,#PC526,Uttarakhand,565333,Won,Smt. Mala Rajya Laxmi,Mala Rajya Laxmi Shah (BJP)
#0175b1,Basirhat,Third Front,5,All India Trinamool Congress,5,#PC483,West Bengal,782078,Won,Nusrat Jahan,Idris Ali (AITC)
#0175b1,Birbhum,Third Front,5,All India Trinamool Congress,5,#PC487,West Bengal,654077,Won,Satabdi Roy,Satabdi Roy (AITC)
#f49921,Bishnupur,NDA,8,Bharatiya Janata Party,8,#PC497,West Bengal,657019,Won,Shri Soumitra Kha,Khan Saumitra (AITC)
#0175b1,Bolpur,Third Front,5,All India Trinamool Congress,5,#PC489,West Bengal,699171,Won,Asit Kumar Mal,Anupam Hazra (AITC)
#f49921,Burdwan-Durgapur,NDA,8,Bharatiya Janata Party,8,#PC480,West Bengal,598376,Won,Shri S. S. Ahluwaliya,Dr. Mamtaz Sanghamita (AITC)
#f49921,Cooch Behar,NDA,8,Bharatiya Janata Party,8,#PC464,West Bengal,731594,Won,Shri Nisith Pramanik,Renuka Sinha (AITC)
#f49921,Darjeeling,NDA,8,Bharatiya Janata Party,8,#PC477,West Bengal,750067,Won,Shri Raju Singh Bisht,S.S.Ahluwalia (BJP)
#0175b1,Diamond Harbour,Third Front,5,All India Trinamool Congress,5,#PC474,West Bengal,791127,Won,Abhishek Banerjee,Abhishek Banerjee (AITC)
#0175b1,Dum Dum,Third Front,5,All India Trinamool Congress,5,#PC476,West Bengal,512062,Won,Sougata Roy,Saugata Roy (AITC)
#0175b1,Ghatal,Third Front,5,All India Trinamool Congress,5,#PC468,West Bengal,717959,Won,Dev (Deepak Adhikari),Adhikari Deepak (Dev) (AITC)
#f49921,Hooghly,NDA,8,Bharatiya Janata Party,8,#PC500,West Bengal,671448,Won,Smt. Locket chaterjee,Dr. Ratna De (Nag) (AITC)
#0175b1,Howrah,Third Front,5,All India Trinamool Congress,5,#PC499,West Bengal,576711,Won,Prasun Banerjee,Prasun Banerjee (AITC)
#0175b1,Jadavpur,Third Front,5,All India Trinamool Congress,5,#PC472,West Bengal,688472,Won,Mimi Chakraborty,Sugata Bose (AITC)
#f49921,Jalpaiguri,NDA,8,Bharatiya Janata Party,8,#PC471,West Bengal,760145,Won,Dr Jayanta Ray,Bijoy Chandra Barman (AITC)
#0175b1,Jangipur,Third Front,5,All India Trinamool Congress,5,#PC469,West Bengal,562838,Won,Khalilur Rehman,Abhijit Mukherjee (INC)
#f49921,Jhargram,NDA,8,Bharatiya Janata Party,8,#PC473,West Bengal,626583,Won,Dr Kunar Hembram,Uma Saren (AITC)
#0175b1,Joynagar,Third Front,5,All India Trinamool Congress,5,#PC470,West Bengal,761202,Won,Pratima Mondal,Pratima Mondal (AITC)
#0175b1,Kanthi,Third Front,5,All India Trinamool Congress,5,#PC463,West Bengal,711872,Won,Sisir Adhikari,Adhikari Sisir Kumar (AITC)
#0175b1,Kolkata Dakshin,Third Front,5,All India Trinamool Congress,5,#PC467,West Bengal,573119,Won,Mala Roy,Subrata Bakshi (AITC)
#0175b1,Kolkata Uttar,Third Front,5,All India Trinamool Congress,5,#PC466,West Bengal,474891,Won,Sudip Bandyopadhyay,Sudip Bandyopadhyay (AITC)
#0175b1,Krishnanagar,Third Front,5,All India Trinamool Congress,5,#PC465,West Bengal,614872,Won,Mahua Motira,Tapas Paul (AITC)
#0175b1,Maldaha Dakshin,Third Front,5,All India Trinamool Congress,5,#PC492,West Bengal,444270,Won,Dr Moazzem Hossain,Abu Hasem Khan Chowdhury (INC)
#f49921,Maldaha Uttar,NDA,8,Bharatiya Janata Party,8,#PC491,West Bengal,509524,Won,Shri Khagen Murmu,Mausam Noor (INC)
#0175b1,Mathurapur,Third Front,5,All India Trinamool Congress,5,#PC490,West Bengal,726828,Won,Choudhary Mohan Jatua,Choudhury Mohan Jatua (AITC)
#f49921,Medinipur,NDA,8,Bharatiya Janata Party,8,#PC494,West Bengal,685433,Won,Shri Dilip Ghosh,Sandhya Roy (AITC)
#0175b1,Murshidabad,Third Front,5,All India Trinamool Congress,5,#PC493,West Bengal,604346,Won,Abu Taher Khan,Badaruddoza Khan (Marxist) 
#f49921,Purulia,NDA,8,Bharatiya Janata Party,8,#PC478,West Bengal,668107,Won,Shri Jyotirmoy Mahto,Dr. Mriganka Mahato (AITC)
#f49921,Raiganj,NDA,8,Bharatiya Janata Party,8,#PC496,West Bengal,511652,Won,Smt. Deboshree Chaudhary,Md. Salim (Marxist) 
#A55122,Ranaghat,Others,69,Other,69,#PC495,West Bengal,783253,Won,JAGANNATH SARKAR (BJP),Tapas Mandal (AITC)
#0175b1,Srerampur,Third Front,5,All India Trinamool Congress,5,#PC498,West Bengal,637707,Won,KALYAN BANERJEE,Kalyan Banerjee (AITC)
#0175b1,Tamluk,Third Front,5,All India Trinamool Congress,5,#PC475,West Bengal,724433,Won,Dibyendu Adhikari,Adhikari Suvendu (AITC)
#0175b1,Uluberia,Third Front,5,All India Trinamool Congress,5,#PC462,West Bengal,694945,Won,Sajda Ahmed,Sultan Ahmed (AITC)
#f49921,Alipurduars,NDA,8,Bharatiya Janata Party,8,#PC459,West Bengal,750804,Won,Shri John Barla,Dasrath Tirkey (AITC)
#0175b1,Arambagh,Third Front,5,All India Trinamool Congress,5,#PC460,West Bengal,649929,Won,Aparupa Poddar,Aparupa Poddar (Afrin Ali) (AITC)
#f49921,Asansol,NDA,8,Bharatiya Janata Party,8,#PC461,West Bengal,633378,Won,Shri Babul Supriyo,Babul Supriya Baral (Babul Supriyo) (BJP)
#4099CF,Baharampur,UPA,13,Indian National Congress,13,#PC484,West Bengal,591106,Won,Adhir Ranjan Chowdhury,Adhir Ranjan Chowdhury (INC)
#0175b1,Balurghat,Third Front,5,All India Trinamool Congress,5,#PC482,West Bengal,506024,Won,Arpita Ghosh,Arpita Ghosh (AITC)
#f49921,Bangaon,NDA,8,Bharatiya Janata Party,8,#PC479,West Bengal,687622,Won,Shri Shantanu Thakur,Kapil Krishna Thakur (AITC)
#f49921,Bankura,NDA,8,Bharatiya Janata Party,8,#PC485,West Bengal,675319,Won,Dr Subhash Sarkar,Sreemati  Dev Varma (Moon Moon Sen) (AITC)
#0175b1,Barasat,Third Front,5,All India Trinamool Congress,5,#PC486,West Bengal,648084,Won,Dr Kakoli Ghosh Dastidar,Dr. Kakali Ghoshdostidar (AITC)
#0175b1,Bardhaman Purba,Third Front,5,All India Trinamool Congress,5,#PC481,West Bengal,640834,Won,SUNIL KUMAR MONDAL,Sunil Kumar Mondal (AITC)
#f49921,Barrackpore,NDA,8,Bharatiya Janata Party,8,#PC488,West Bengal,472994,Won,Shri Arjun Singh,Dinesh Trivedi (AITC)
